sample,n_detected,genotype,stage,replicate
C_VM_R1,139,C,VM,R1
C_VM_R2,171,C,VM,R2
C_VM_R3,171,C,VM,R3
C_PIN_R1,10,C,PIN,R1
C_PIN_R2,10,C,PIN,R2
C_PIN_R3,88,C,PIN,R3
C_RM_R1,279,C,RM,R1
C_RM_R2,21,C,RM,R2
C_RM_R3,50,C,RM,R3
P_VM_R1,40,P,VM,R1
P_VM_R2,5,P,VM,R2
P_VM_R3,16,P,VM,R3
P_PIN_R1,494,P,PIN,R1
P_PIN_R2,176,P,PIN,R2
P_PIN_R3,28,P,PIN,R3
P_RM_R1,697,P,RM,R1
P_RM_R2,211,P,RM,R2
P_RM_R3,15,P,RM,R3
F1_VM_R1,138,F1,VM,R1
F1_VM_R2,138,F1,VM,R2
F1_VM_R3,138,F1,VM,R3
F1_PIN_R1,356,F1,PIN,R1
F1_PIN_R2,379,F1,PIN,R2
F1_PIN_R3,107,F1,PIN,R3
F1_RM_R1,4,F1,RM,R1
F1_RM_R2,15,F1,RM,R2
F1_RM_R3,15,F1,RM,R3
