Accession,R1,R2,R3
A0A290WKX8,1,0,0
A0A3Q7E7D4,1,0,0
A0A3Q7E824,1,1,0
A0A3Q7E8A8,1,1,1
A0A3Q7E8I1,1,1,0
A0A3Q7E8T9,1,1,1
A0A3Q7E8W8,1,1,1
A0A3Q7E908,1,0,0
A0A3Q7E9H0,1,0,0
A0A3Q7E9J6,1,0,0
A0A3Q7E9M8,1,0,0
A0A3Q7E9U3,1,0,0
A0A3Q7EA02,1,1,0
A0A3Q7EA80,1,0,0
A0A3Q7EB31,1,1,1
A0A3Q7ECG0,1,1,1
A0A3Q7EFC3,1,1,0
A0A3Q7EGI1,1,0,0
A0A3Q7EGK8,1,1,1
A0A3Q7EGV4,1,1,0
A0A3Q7EH12,1,0,0
A0A3Q7EH43,1,1,1
A0A3Q7EHH5,1,1,0
A0A3Q7EHP2,1,1,0
A0A3Q7EHP3,1,0,0
A0A3Q7EHY3,1,1,0
A0A3Q7EHY8,1,0,0
A0A3Q7EIK2,1,0,0
A0A3Q7EIZ7,1,0,0
A0A3Q7EJA6,1,1,0
A0A3Q7EJL3,1,1,1
A0A3Q7EJP1,1,0,0
A0A3Q7EK01,1,1,0
A0A3Q7EK26,1,0,0
A0A3Q7EKG5,1,0,0
A0A3Q7EKI7,1,0,0
A0A3Q7EKQ6,1,0,0
A0A3Q7ELA6,1,0,0
A0A3Q7ELT8,1,1,1
A0A3Q7EM11,1,1,1
A0A3Q7EM80,1,0,0
A0A3Q7EMN1,1,0,0
A0A3Q7EMP9,1,1,0
A0A3Q7EMV9,0,1,0
A0A3Q7EMX2,1,1,1
A0A3Q7EN73,1,0,0
A0A3Q7ENA3,1,1,1
A0A3Q7ENE9,1,1,0
A0A3Q7ENL9,1,0,0
A0A3Q7ENP1,1,1,1
A0A3Q7ENV3,1,1,1
A0A3Q7ENY7,1,1,1
A0A3Q7EP54,1,0,0
A0A3Q7EP61,1,1,1
A0A3Q7EP74,1,0,0
A0A3Q7EPC2,1,1,0
A0A3Q7EPT6,1,0,0
A0A3Q7EPW1,1,1,0
A0A3Q7EQ38,1,1,1
A0A3Q7EQ62,1,0,0
A0A3Q7EQ78,1,0,0
A0A3Q7EQ90,1,1,1
A0A3Q7EQJ0,1,0,0
A0A3Q7EQL2,1,1,1
A0A3Q7EQN7,1,1,0
A0A3Q7EQQ1,1,0,0
A0A3Q7EQU5,1,1,1
A0A3Q7ER05,1,1,0
A0A3Q7ER18,1,0,0
A0A3Q7ER22,1,0,0
A0A3Q7ERA8,1,1,1
A0A3Q7ERI0,1,0,0
A0A3Q7ERM5,1,1,1
A0A3Q7ERS3,1,0,0
A0A3Q7ES41,1,0,0
A0A3Q7ES58,1,0,0
A0A3Q7ES85,1,0,0
A0A3Q7ESA9,1,0,0
A0A3Q7ESD1,1,0,0
A0A3Q7ESG5,1,0,0
A0A3Q7ESN2,1,0,0
A0A3Q7ET25,1,1,0
A0A3Q7ETC3,1,1,0
A0A3Q7ETE6,1,0,0
A0A3Q7ETK4,1,1,1
A0A3Q7ETU0,1,1,0
A0A3Q7ETU6,1,0,0
A0A3Q7EU34,1,0,0
A0A3Q7EU46,1,1,1
A0A3Q7EU87,1,0,0
A0A3Q7EUE8,1,0,0
A0A3Q7EUN5,1,0,0
A0A3Q7EUP1,1,0,0
A0A3Q7EUR6,1,1,0
A0A3Q7EUS0,1,0,0
A0A3Q7EUT1,1,1,1
A0A3Q7EUT2,1,0,0
A0A3Q7EUV6,1,1,0
A0A3Q7EUX7,1,1,0
A0A3Q7EV39,1,1,1
A0A3Q7EVT9,0,1,0
A0A3Q7EWZ3,1,1,1
A0A3Q7EXK0,1,1,1
A0A3Q7EXW0,1,0,0
A0A3Q7EY39,1,1,0
A0A3Q7EYC4,1,1,0
A0A3Q7EYI3,1,0,0
A0A3Q7EYM6,1,1,1
A0A3Q7EYX0,1,1,0
A0A3Q7EZ16,1,1,1
A0A3Q7EZ95,1,0,0
A0A3Q7F081,1,0,0
A0A3Q7F0A7,1,0,0
A0A3Q7F0F8,1,1,0
A0A3Q7F0G4,1,0,0
A0A3Q7F0I2,1,0,0
A0A3Q7F0L2,0,1,0
A0A3Q7F0P2,1,1,0
A0A3Q7F0Q0,1,0,0
A0A3Q7F0V0,1,1,0
A0A3Q7F153,1,0,0
A0A3Q7F1S0,1,1,0
A0A3Q7F1S8,1,1,0
A0A3Q7F1W7,1,1,1
A0A3Q7F2B5,1,1,0
A0A3Q7F2F3,1,1,0
A0A3Q7F2V6,1,0,0
A0A3Q7F2Y7,1,0,0
A0A3Q7F352,1,0,0
A0A3Q7F3F2,1,1,0
A0A3Q7F3S0,1,1,1
A0A3Q7F479,1,0,0
A0A3Q7F491,1,0,0
A0A3Q7F4A6,1,1,0
A0A3Q7F4F5,1,1,0
A0A3Q7F4L8,1,1,0
A0A3Q7F507,1,1,1
A0A3Q7F529,1,1,1
A0A3Q7F579,1,1,0
A0A3Q7F5W7,1,0,0
A0A3Q7F5X4,1,0,0
A0A3Q7F5Y3,1,0,0
A0A3Q7F611,1,1,1
A0A3Q7F639,1,0,0
A0A3Q7F6B1,1,0,0
A0A3Q7F6F6,1,1,1
A0A3Q7F6N7,1,0,0
A0A3Q7F7G5,1,1,1
A0A3Q7F7H4,1,0,1
A0A3Q7F7L6,1,1,0
A0A3Q7F7L8,1,0,0
A0A3Q7F7P0,1,1,0
A0A3Q7F872,0,0,0
A0A3Q7F894,1,1,0
A0A3Q7F8E3,1,0,0
A0A3Q7F8L3,1,0,0
A0A3Q7F8V6,1,0,0
A0A3Q7F8X2,1,1,1
A0A3Q7F8X4,1,0,0
A0A3Q7F900,1,0,0
A0A3Q7F952,1,1,1
A0A3Q7F980,1,1,1
A0A3Q7F9B8,1,1,0
A0A3Q7F9I5,1,0,0
A0A3Q7F9J2,1,0,0
A0A3Q7F9P0,1,0,0
A0A3Q7F9W4,1,0,0
A0A3Q7FA43,1,1,0
A0A3Q7FA76,1,0,0
A0A3Q7FAA3,1,0,0
A0A3Q7FAI2,1,1,0
A0A3Q7FAT9,0,1,0
A0A3Q7FAU0,1,1,0
A0A3Q7FAX1,1,1,0
A0A3Q7FAZ1,1,1,0
A0A3Q7FB67,1,1,1
A0A3Q7FB69,1,1,1
A0A3Q7FB87,1,0,0
A0A3Q7FBR1,1,0,0
A0A3Q7FBU5,1,1,0
A0A3Q7FC02,1,1,0
A0A3Q7FCE4,1,1,1
A0A3Q7FCH7,1,0,0
A0A3Q7FCM3,1,1,1
A0A3Q7FCR4,1,1,0
A0A3Q7FD22,1,0,0
A0A3Q7FD98,1,0,0
A0A3Q7FDE7,1,0,0
A0A3Q7FDW1,1,1,0
A0A3Q7FE06,1,1,0
A0A3Q7FES6,0,1,0
A0A3Q7FEY7,1,1,1
A0A3Q7FF30,1,1,0
A0A3Q7FF59,1,1,0
A0A3Q7FF75,1,0,0
A0A3Q7FFB2,1,1,0
A0A3Q7FFY2,1,0,0
A0A3Q7FGG9,1,1,1
A0A3Q7FH28,1,0,0
A0A3Q7FH75,1,1,0
A0A3Q7FHW8,1,0,0
A0A3Q7FJA9,1,0,0
A0A3Q7FJI3,1,0,0
A0A3Q7FJJ3,1,1,1
A0A3Q7FK90,1,0,0
A0A3Q7FKE1,1,0,0
A0A3Q7FKJ0,1,0,0
A0A3Q7FKT4,1,0,0
A0A3Q7FKZ2,1,0,0
A0A3Q7FL73,1,0,0
A0A3Q7FLI5,1,1,1
A0A3Q7FLZ9,1,0,0
A0A3Q7FME1,1,0,0
A0A3Q7FMF5,1,0,0
A0A3Q7FMY9,1,0,0
A0A3Q7FN07,1,1,1
A0A3Q7FN48,1,0,0
A0A3Q7FN52,1,0,0
A0A3Q7FN70,1,0,0
A0A3Q7FNF0,1,1,1
A0A3Q7FNL7,1,1,1
A0A3Q7FNP2,1,1,1
A0A3Q7FNP5,1,0,0
A0A3Q7FNQ5,1,0,0
A0A3Q7FPB3,1,1,0
A0A3Q7FPG0,1,1,1
A0A3Q7FPJ2,1,0,0
A0A3Q7FPN1,1,0,1
A0A3Q7FPQ1,1,1,1
A0A3Q7FQ28,1,1,0
A0A3Q7FQ43,1,1,0
A0A3Q7FQ46,1,0,0
A0A3Q7FQ90,1,0,0
A0A3Q7FQN2,1,0,0
A0A3Q7FQU3,1,1,1
A0A3Q7FR83,1,0,0
A0A3Q7FR95,1,0,0
A0A3Q7FRA5,1,1,1
A0A3Q7FRB5,1,1,0
A0A3Q7FRG1,1,0,0
A0A3Q7FRK3,1,1,1
A0A3Q7FRU0,1,0,0
A0A3Q7FS03,1,0,0
A0A3Q7FS41,1,0,0
A0A3Q7FS73,1,0,0
A0A3Q7FS97,1,1,0
A0A3Q7FSA0,1,0,0
A0A3Q7FSE5,1,1,0
A0A3Q7FSH7,1,0,0
A0A3Q7FSI4,1,1,1
A0A3Q7FTL7,1,1,0
A0A3Q7FTM5,1,1,0
A0A3Q7FTS1,1,0,0
A0A3Q7FTS6,1,1,1
A0A3Q7FTZ2,1,0,0
A0A3Q7FU69,1,0,0
A0A3Q7FU99,1,1,0
A0A3Q7FUJ4,1,0,0
A0A3Q7FUV3,1,0,0
A0A3Q7FUW9,1,0,0
A0A3Q7FVH0,1,1,0
A0A3Q7FVL0,1,0,0
A0A3Q7FVP3,1,0,0
A0A3Q7FW21,1,1,1
A0A3Q7FW72,1,0,0
A0A3Q7FW96,1,1,1
A0A3Q7FWB5,1,1,0
A0A3Q7FWE8,1,1,0
A0A3Q7FWK4,1,0,0
A0A3Q7FWM7,1,0,0
A0A3Q7FWZ9,1,1,0
A0A3Q7FX31,1,0,0
A0A3Q7FX41,1,1,0
A0A3Q7FX57,1,1,1
A0A3Q7FX70,1,0,0
A0A3Q7FX71,1,1,1
A0A3Q7FXP7,1,0,0
A0A3Q7FXR6,1,0,0
A0A3Q7FXU4,1,0,0
A0A3Q7FXZ8,1,0,0
A0A3Q7FY03,1,1,0
A0A3Q7FY19,1,0,0
A0A3Q7FY79,1,0,0
A0A3Q7FYB9,1,0,0
A0A3Q7FYD2,1,1,0
A0A3Q7FYH4,1,1,1
A0A3Q7FYL1,1,0,0
A0A3Q7FZ41,0,1,0
A0A3Q7FZ63,1,1,1
A0A3Q7FZ65,1,1,1
A0A3Q7FZA2,1,0,0
A0A3Q7FZG5,1,1,0
A0A3Q7FZI2,1,1,1
A0A3Q7FZI5,1,1,1
A0A3Q7FZP1,1,0,0
A0A3Q7FZQ7,1,0,0
A0A3Q7FZW9,1,0,0
A0A3Q7G067,1,1,1
A0A3Q7G087,1,1,1
A0A3Q7G0C7,1,0,0
A0A3Q7G0N6,1,0,0
A0A3Q7G0R2,1,0,0
A0A3Q7G0T6,1,1,1
A0A3Q7G195,0,1,1
A0A3Q7G251,1,0,0
A0A3Q7G344,1,0,0
A0A3Q7G376,1,1,1
A0A3Q7G3R4,1,1,0
A0A3Q7G4Y3,1,0,0
A0A3Q7G505,1,0,0
A0A3Q7G528,1,1,1
A0A3Q7G5A8,1,0,0
A0A3Q7G5P1,1,1,1
A0A3Q7G5T0,1,0,0
A0A3Q7G5V9,1,1,0
A0A3Q7G5Y8,1,1,0
A0A3Q7G6Z5,1,0,0
A0A3Q7G720,1,0,0
A0A3Q7G727,1,1,0
A0A3Q7G7H8,1,1,1
A0A3Q7G7S9,1,1,0
A0A3Q7G7T0,1,0,0
A0A3Q7G7Y1,1,1,0
A0A3Q7G863,1,0,0
A0A3Q7G8G0,1,1,0
A0A3Q7G8S3,1,0,0
A0A3Q7G8V6,1,1,0
A0A3Q7G9B3,1,1,0
A0A3Q7G9D1,1,1,0
A0A3Q7G9X1,1,1,0
A0A3Q7GA27,1,0,0
A0A3Q7GAH8,1,1,0
A0A3Q7GAU9,1,1,0
A0A3Q7GAX3,1,1,1
A0A3Q7GAX9,1,1,1
A0A3Q7GAZ9,1,0,0
A0A3Q7GB69,1,1,1
A0A3Q7GB74,1,1,0
A0A3Q7GBL5,1,0,0
A0A3Q7GBW7,1,0,0
A0A3Q7GC36,1,0,0
A0A3Q7GCI2,1,1,0
A0A3Q7GCM6,1,0,0
A0A3Q7GCR0,1,1,0
A0A3Q7GD18,1,1,1
A0A3Q7GDA5,1,0,0
A0A3Q7GDF2,1,1,1
A0A3Q7GDG7,1,1,1
A0A3Q7GDJ7,1,1,1
A0A3Q7GDK7,1,0,0
A0A3Q7GDS0,1,0,0
A0A3Q7GE36,1,0,0
A0A3Q7GEU9,1,0,0
A0A3Q7GEV3,1,0,0
A0A3Q7GF14,1,0,0
A0A3Q7GFD0,1,1,0
A0A3Q7GG46,1,0,0
A0A3Q7GGD9,1,0,0
A0A3Q7GGP4,1,1,0
A0A3Q7GH03,1,0,0
A0A3Q7GH43,1,1,1
A0A3Q7GHE2,1,0,0
A0A3Q7GHG2,1,0,0
A0A3Q7GHV9,1,0,0
A0A3Q7GJ82,1,0,0
A0A3Q7GJA8,1,1,0
A0A3Q7GJG3,1,0,0
A0A3Q7GJK2,1,0,0
A0A3Q7GKD7,1,1,1
A0A3Q7GKL8,1,1,0
A0A3Q7GKS5,1,1,1
A0A3Q7GKU3,1,1,1
A0A3Q7GLK1,1,1,0
A0A3Q7GLM4,1,1,0
A0A3Q7GLX5,1,0,0
A0A3Q7GM08,1,1,1
A0A3Q7GM81,1,1,1
A0A3Q7GM93,1,1,1
A0A3Q7GMM2,1,0,0
A0A3Q7GMW1,1,0,0
A0A3Q7GMW3,1,0,0
A0A3Q7GMW4,1,0,0
A0A3Q7GNB3,1,0,0
A0A3Q7GND4,1,1,0
A0A3Q7GNF0,1,0,0
A0A3Q7GNF6,1,1,1
A0A3Q7GNM1,1,0,0
A0A3Q7GNQ9,1,0,0
A0A3Q7GNR7,1,0,0
A0A3Q7GP46,1,1,0
A0A3Q7GP79,1,1,1
A0A3Q7GPE5,1,1,1
A0A3Q7GPU8,1,0,0
A0A3Q7GPY6,1,1,1
A0A3Q7GQC5,1,0,0
A0A3Q7GQE6,1,0,0
A0A3Q7GQM4,1,1,1
A0A3Q7GQR0,1,0,0
A0A3Q7GQT9,1,0,0
A0A3Q7GQU3,0,0,1
A0A3Q7GQZ4,1,1,0
A0A3Q7GR57,1,0,0
A0A3Q7GRA7,1,0,0
A0A3Q7GRM6,1,1,0
A0A3Q7GRN1,1,0,0
A0A3Q7GRY0,1,0,0
A0A3Q7GRY8,1,1,1
A0A3Q7GS13,1,1,1
A0A3Q7GSA0,1,0,0
A0A3Q7GSL2,1,0,0
A0A3Q7GST1,1,0,0
A0A3Q7GTE7,1,1,1
A0A3Q7GTM3,1,1,0
A0A3Q7GU88,1,1,0
A0A3Q7GU91,1,1,0
A0A3Q7GUA2,1,0,0
A0A3Q7GV32,1,1,1
A0A3Q7GV49,0,1,1
A0A3Q7GVY6,1,1,0
A0A3Q7GW64,1,0,0
A0A3Q7GWK3,1,0,0
A0A3Q7GWP0,1,0,0
A0A3Q7GX52,1,0,0
A0A3Q7GX88,1,1,1
A0A3Q7GX91,1,0,0
A0A3Q7GXH5,1,0,0
A0A3Q7GXS6,1,0,0
A0A3Q7GY20,1,1,1
A0A3Q7GY58,1,1,0
A0A3Q7GY69,1,0,0
A0A3Q7GYB4,1,1,1
A0A3Q7GYC4,1,1,1
A0A3Q7GYZ1,1,1,0
A0A3Q7GYZ2,1,0,0
A0A3Q7GZ10,1,0,0
A0A3Q7GZ60,0,0,1
A0A3Q7GZI4,1,1,0
A0A3Q7GZX3,1,0,0
A0A3Q7H063,1,1,1
A0A3Q7H0A0,1,1,1
A0A3Q7H0E8,1,0,0
A0A3Q7H0L3,1,0,0
A0A3Q7H0W4,1,1,0
A0A3Q7H112,1,0,0
A0A3Q7H1L0,1,1,0
A0A3Q7H1L7,1,0,0
A0A3Q7H1Q5,1,0,0
A0A3Q7H1T0,1,0,0
A0A3Q7H1U4,1,1,1
A0A3Q7H1V9,1,0,0
A0A3Q7H1Y4,1,0,0
A0A3Q7H233,1,1,0
A0A3Q7H2D0,1,1,0
A0A3Q7H2F5,1,1,0
A0A3Q7H2J9,1,1,1
A0A3Q7H2N5,1,0,0
A0A3Q7H2W6,1,0,0
A0A3Q7H377,1,0,0
A0A3Q7H3B4,1,1,1
A0A3Q7H3C5,1,1,1
A0A3Q7H3K1,1,1,1
A0A3Q7H3P6,1,1,1
A0A3Q7H3V2,0,0,0
A0A3Q7H3V9,1,0,0
A0A3Q7H3Y0,0,1,0
A0A3Q7H3Z1,1,1,0
A0A3Q7H3Z8,1,1,0
A0A3Q7H441,1,1,1
A0A3Q7H4F2,1,0,0
A0A3Q7H4P9,1,1,1
A0A3Q7H4R7,1,1,0
A0A3Q7H4T5,1,1,0
A0A3Q7H4X3,1,0,0
A0A3Q7H5A6,1,1,0
A0A3Q7H5I5,1,1,1
A0A3Q7H6Y1,1,1,0
A0A3Q7H7F3,1,1,1
A0A3Q7H7Q7,1,1,0
A0A3Q7H7R1,1,0,0
A0A3Q7H8H1,1,1,0
A0A3Q7H8S0,1,0,0
A0A3Q7H918,1,0,0
A0A3Q7H940,1,1,1
A0A3Q7H9K1,1,1,1
A0A3Q7HA43,1,1,0
A0A3Q7HAH2,1,0,0
A0A3Q7HAN1,1,1,0
A0A3Q7HB75,1,0,0
A0A3Q7HBA0,1,0,0
A0A3Q7HBK4,1,1,1
A0A3Q7HBR5,1,1,0
A0A3Q7HC76,1,1,0
A0A3Q7HC92,1,0,0
A0A3Q7HCP9,1,0,0
A0A3Q7HCW0,1,1,1
A0A3Q7HCY8,1,1,0
A0A3Q7HD09,1,1,1
A0A3Q7HD29,1,0,0
A0A3Q7HD58,1,0,0
A0A3Q7HDF7,0,1,0
A0A3Q7HDI6,1,1,0
A0A3Q7HDP5,1,1,1
A0A3Q7HDZ4,1,1,0
A0A3Q7HE99,1,0,0
A0A3Q7HEZ3,1,1,1
A0A3Q7HFB7,1,1,0
A0A3Q7HFX0,1,1,1
A0A3Q7HFZ1,1,0,0
A0A3Q7HG43,1,1,1
A0A3Q7HG48,1,0,0
A0A3Q7HG98,1,1,0
A0A3Q7HGC8,1,0,0
A0A3Q7HGD7,1,0,0
A0A3Q7HGI8,1,1,1
A0A3Q7HGJ9,1,1,1
A0A3Q7HGM6,1,1,0
A0A3Q7HGQ2,1,1,1
A0A3Q7HGQ5,1,0,0
A0A3Q7HGX8,1,1,1
A0A3Q7HH02,1,1,1
A0A3Q7HH84,1,0,0
A0A3Q7HHC0,1,0,1
A0A3Q7HHL0,1,1,0
A0A3Q7HI00,1,1,1
A0A3Q7HI26,1,0,0
A0A3Q7HI50,1,1,1
A0A3Q7HIF6,1,0,0
A0A3Q7HIL7,1,1,1
A0A3Q7HIP9,1,1,0
A0A3Q7HIS4,1,1,0
A0A3Q7HIX0,1,1,0
A0A3Q7HJ62,1,1,0
A0A3Q7HJC7,1,1,0
A0A3Q7HJH5,1,1,0
A0A3Q7HJJ7,1,0,0
A0A3Q7HJL9,1,0,0
A0A3Q7HJU0,1,1,1
A0A3Q7HKZ6,1,0,0
A0A3Q7HLK8,1,0,0
A0A3Q7HLM8,0,1,1
A0A3Q7HLY0,1,0,0
A0A3Q7HMP2,1,1,1
A0A3Q7HMR2,1,1,1
A0A3Q7HNA9,1,1,1
A0A3Q7HNB2,1,1,0
A0A3Q7HNQ1,1,0,0
A0A3Q7HP88,0,1,0
A0A3Q7HPM9,1,1,1
A0A3Q7HQA3,1,1,0
A0A3Q7HQB6,1,0,0
A0A3Q7HQF1,1,0,0
A0A3Q7HQH1,1,0,0
A0A3Q7HQI3,1,1,0
A0A3Q7HR13,1,0,0
A0A3Q7HRB7,1,1,0
A0A3Q7HRC2,1,1,1
A0A3Q7HRC7,1,1,1
A0A3Q7HRQ8,1,1,1
A0A3Q7HSI3,1,0,0
A0A3Q7HSR7,1,1,0
A0A3Q7HT73,1,1,0
A0A3Q7HTC1,1,0,0
A0A3Q7HTH3,1,0,0
A0A3Q7HTP1,1,0,0
A0A3Q7HTY1,1,0,0
A0A3Q7HU15,1,1,1
A0A3Q7HU53,1,0,0
A0A3Q7HU74,1,1,0
A0A3Q7HU84,1,0,0
A0A3Q7HUE5,1,0,0
A0A3Q7HUQ3,1,1,1
A0A3Q7HUR4,1,0,0
A0A3Q7HUY0,1,0,0
A0A3Q7HV38,1,1,1
A0A3Q7HV43,1,1,1
A0A3Q7HVC4,1,0,0
A0A3Q7HVG8,1,1,0
A0A3Q7HVI4,1,0,0
A0A3Q7HVV0,1,1,1
A0A3Q7HVV9,1,1,0
A0A3Q7HVY6,0,1,1
A0A3Q7HW79,1,1,0
A0A3Q7HW81,1,1,0
A0A3Q7HWC3,1,0,0
A0A3Q7HWS9,1,1,0
A0A3Q7HX02,1,1,1
A0A3Q7HX13,1,1,0
A0A3Q7HX95,1,1,1
A0A3Q7HXI0,1,0,0
A0A3Q7HXU3,1,1,0
A0A3Q7HXW1,1,1,0
A0A3Q7HYJ1,1,1,1
A0A3Q7HZ04,1,0,0
A0A3Q7HZ41,1,0,0
A0A3Q7HZ62,1,0,0
A0A3Q7HZL2,1,1,0
A0A3Q7HZM0,1,1,1
A0A3Q7HZQ4,1,1,0
A0A3Q7HZV3,1,1,1
A0A3Q7I008,1,0,0
A0A3Q7I0A1,1,0,0
A0A3Q7I0E4,1,1,0
A0A3Q7I0J3,1,1,0
A0A3Q7I0X4,0,1,1
A0A3Q7I1I2,1,1,0
A0A3Q7I245,1,1,1
A0A3Q7I2A5,1,1,1
A0A3Q7I365,1,1,0
A0A3Q7I3Q3,1,1,0
A0A3Q7I3U9,1,1,0
A0A3Q7I3V5,1,1,0
A0A3Q7I4P2,1,0,0
A0A3Q7I4W4,1,1,1
A0A3Q7I516,1,0,0
A0A3Q7I593,1,0,0
A0A3Q7I5P3,1,0,0
A0A3Q7I5W4,1,0,0
A0A3Q7I5Y6,1,1,1
A0A3Q7I626,1,0,0
A0A3Q7I643,1,0,0
A0A3Q7I6A1,1,0,0
A0A3Q7I6B5,1,0,0
A0A3Q7I6C6,1,1,0
A0A3Q7I6G7,1,1,1
A0A3Q7I6V9,1,1,0
A0A3Q7I767,1,1,1
A0A3Q7I7B3,1,1,1
A0A3Q7I7G3,1,1,0
A0A3Q7I7H2,1,1,1
A0A3Q7I7R7,1,0,0
A0A3Q7I7T0,1,1,1
A0A3Q7I7U0,1,1,0
A0A3Q7I881,1,0,0
A0A3Q7I8A0,1,0,0
A0A3Q7I8V2,1,1,0
A0A3Q7I956,1,1,0
A0A3Q7I9A2,1,0,0
A0A3Q7I9A3,1,1,0
A0A3Q7I9H4,1,1,1
A0A3Q7I9U4,1,1,0
A0A3Q7I9X4,1,0,0
A0A3Q7IA56,1,0,0
A0A3Q7IA99,1,1,0
A0A3Q7IAA7,1,0,0
A0A3Q7IAT1,1,1,0
A0A3Q7IAU4,1,1,1
A0A3Q7IB06,1,0,0
A0A3Q7IB13,1,1,0
A0A3Q7IB19,1,1,1
A0A3Q7IB32,1,0,0
A0A3Q7IB34,1,0,0
A0A3Q7IBT3,1,1,0
A0A3Q7IBU5,1,0,1
A0A3Q7IBY7,1,1,0
A0A3Q7IDI1,1,0,0
A0A3Q7IDX8,1,0,0
A0A3Q7IF15,1,1,0
A0A3Q7IFK3,1,0,0
A0A3Q7IFL7,1,0,0
A0A3Q7IGH0,1,0,0
A0A3Q7IGH7,1,1,1
A0A3Q7IGQ1,1,0,0
A0A3Q7IGR5,1,0,0
A0A3Q7IGT1,1,0,0
A0A3Q7IHK1,1,0,0
A0A3Q7IHL0,1,1,0
A0A3Q7IHS3,1,1,0
A0A3Q7IIB9,1,0,0
A0A3Q7IIH8,1,0,0
A0A3Q7IIS5,1,1,1
A0A3Q7IIZ3,0,1,0
A0A3Q7IJ63,1,1,1
A0A3Q7IJ81,1,1,0
A0A3Q7IJE6,1,0,0
A0A3Q7IJK5,1,0,0
A0A3Q7IJL2,1,1,0
A0A3Q7IJL4,1,1,1
A0A3Q7IJQ0,1,0,0
A0A3Q7IJU2,1,1,0
A0A3Q7IJV9,1,0,0
A0A3Q7IJX7,1,1,1
A0A3Q7IKJ5,1,0,0
A0A3Q7IKN3,1,0,0
A0A3Q7IKU9,1,1,0
A0A3Q7IKX3,1,1,1
A0A3Q7IL38,1,0,0
A0A3Q7ILD3,1,1,1
A0A3Q7ILN9,1,0,0
A0A3Q7ILP6,1,0,0
A0A3Q7ILR9,1,1,1
A0A3Q7ILV3,1,0,0
A0A3Q7ILY0,1,1,1
A0A3Q7IM38,1,1,0
A0A3Q7IM48,1,0,0
A0A3Q7IM60,1,0,0
A0A3Q7IM99,1,1,0
A0A3Q7IMD9,1,1,1
A0A3Q7IMF7,1,1,1
A0A3Q7IMR6,1,0,0
A0A3Q7IMU3,1,1,0
A0A3Q7IMV7,1,1,0
A0A3Q7IN43,1,1,1
A0A3Q7IN81,1,1,0
A0A3Q7INV1,1,0,0
A0A3Q7INZ6,1,1,1
A0A3Q7IPI1,1,0,0
A0A3Q7IPM4,1,0,0
A0A3Q7IPT1,0,1,1
A0A3Q7IPW3,1,0,0
A0A3Q7IQI8,0,1,0
A0A3Q7IQK0,1,0,0
A0A3Q7IQT6,0,1,0
A0A3Q7IQV2,1,1,0
A0A3Q7IR67,1,0,0
A0A3Q7IRF8,1,1,0
A0A3Q7IRK5,1,0,0
A0A3Q7IRM3,1,1,0
A0A3Q7IRR8,1,0,0
A0A3Q7IRS4,1,1,1
A0A3Q7IS88,1,1,0
A0A3Q7ISK0,1,1,0
A0A3Q7ISV4,1,1,0
A0A3Q7ISW6,1,1,0
A0A3Q7ITD1,1,1,1
A0A3Q7ITL4,1,1,1
A0A3Q7ITW6,1,0,0
A0A3Q7ITY0,1,0,0
A0A3Q7IUI9,1,1,0
A0A3Q7IV51,1,1,0
A0A3Q7IVC4,1,0,0
A0A3Q7IVH1,1,1,0
A0A3Q7IWI5,1,1,1
A0A3Q7IXE6,1,1,0
A0A3Q7IXT2,1,0,0
A0A3Q7IXY6,1,1,1
A0A3Q7IY72,1,1,0
A0A3Q7IYI9,1,1,1
A0A3Q7IYK0,1,1,1
A0A3Q7IYZ1,1,1,1
A0A3Q7IZ03,1,1,0
A0A3Q7IZI6,1,0,0
A0A3Q7IZK1,1,0,0
A0A3Q7IZR8,1,1,0
A0A3Q7IZW2,1,0,0
A0A3Q7J033,1,0,0
A0A3Q7J082,1,1,0
A0A3Q7J0B1,1,0,0
A0A3Q7J0I3,1,1,1
A0A3Q7J0J5,1,0,0
A0A3Q7J0Z4,1,0,0
A0A3Q7J166,1,0,0
A0A3Q7J176,1,0,0
A0A3Q7J1A3,1,1,0
A0A3Q7J1A5,1,1,0
A0A3Q7J1A7,1,0,0
A0A3Q7J1U2,1,1,1
A0A3Q7J1V3,0,1,1
A0A3Q7J2E6,1,0,0
A0A3Q7J2G8,1,0,0
A0A3Q7J2T1,1,1,0
A0A3Q7J3B1,1,1,0
A0A3Q7J3G4,1,1,1
A0A3Q7J3I1,1,1,1
A0A3Q7J3Q3,1,0,0
A0A3Q7J3Q6,1,1,0
A0A3Q7J3U5,1,0,0
A0A3Q7J3W4,1,0,0
A0A3Q7J3Y8,1,0,0
A0A3Q7J408,1,1,0
A0A3Q7J492,1,1,0
A0A3Q7J4F0,1,1,1
A0A3Q7J4T9,1,0,0
A0A3Q7J4V1,1,0,0
A0A3Q7J501,1,0,0
A0A3Q7J519,1,0,0
A0A3Q7J566,1,1,1
A0A3Q7J5K6,1,1,1
A0A3Q7J5N2,1,0,0
A0A3Q7J5Z9,1,1,0
A0A3Q7J671,1,0,0
A0A3Q7J8R5,1,1,1
A0A3Q7J9P7,1,1,0
A0A3Q7J9R5,1,0,0
A0A3Q7JA27,1,0,0
A0A3Q7JAB8,1,0,0
A0A3Q7JAE3,1,1,0
A0A3Q7JAE6,1,0,0
A0A3Q7JAQ4,1,1,1
A0A3Q7JAQ7,1,1,0
A0A3Q7JAV3,1,1,1
A0A3Q7JAZ2,1,0,0
A0A3Q7JB49,1,0,0
A0A3Q7JBP6,1,0,0
A0A3Q7JBV0,1,1,0
A0A3Q7JCI1,1,0,0
A0A3Q7JCM5,1,0,0
A0A3Q7JCM7,1,0,0
A0A3Q7JCN9,1,0,0
A0A3Q7JD72,1,0,0
A0A3Q7JD73,1,1,1
A0A3Q7JD76,1,0,0
A0A3Q7JDE8,1,1,1
A0A3Q7JDF2,1,0,0
A0A3Q7JDG0,1,0,0
A0A3Q7JDH2,1,0,0
A0A3Q7JDH7,1,1,0
A0A3Q7JDI3,1,0,0
A0A3Q7JDJ8,1,0,0
A0A3Q7JDK3,1,1,0
A0A3Q7JDN9,1,1,0
A0A3Q7JDP0,1,1,0
A0A3Q7JDV8,1,0,0
A0A3Q7JE01,1,0,0
A0A3Q7JEH3,1,1,1
A0A3Q7JEN8,1,1,1
A0A3Q7JFP9,1,0,0
A0A3Q7JGF7,1,1,0
A0A3Q7JGR5,1,0,0
A0A3Q7JJ90,1,1,0
A0A3Q7JJW7,1,0,0
A0A3Q7JK86,1,0,0
A0A3Q7JKM5,1,0,0
A0A3Q7JLN4,1,1,1
A0A3Q7JMX3,1,1,1
A0A3Q7JP71,1,1,0
A0A3Q7JPE6,1,0,0
A0A3Q7JQE3,1,1,1
A0A3Q7JRP8,1,0,0
A0A3Q7JRU9,1,0,0
A0A3Q7JSV3,1,1,0
A0A3Q7JW47,1,1,0
A0A3Q7JYM3,1,0,0
A0A3Q7JYS4,0,1,0
A0A3Q7JYT4,1,0,0
A0A494G8F6,1,0,0
A0A494G8J8,1,0,0
A0A494G8T9,1,0,0
A0A494G8W2,1,1,1
A0A494G9E6,1,0,0
A0A494GA45,1,0,0
A0RZC9,1,1,1
A0RZD0,1,0,0
A4ZYQ6,1,1,0
A7X331,1,0,0
B1N678,1,1,1
B1Q3F0,1,0,0
B1Q3F8,1,0,0
B5M9E5,1,0,0
C0LIR3,1,0,0
C0LIR4,1,0,0
C6K2K9,1,1,1
C6K2L0,1,1,0
D0VNY3,1,0,0
D2KQI9,1,0,0
D2Y3F4,1,1,0
E3UVW7,1,1,0
G1DEX3,1,1,1
G3K2M4,1,1,0
G8XSL1,1,0,0
G8Z278,1,0,0
G8Z288,1,0,0
H6WYS2,1,1,0
K4ATQ2,1,0,0
K4B3K5,0,1,0
K4B3Y8,1,1,0
K4BAE6,1,1,0
K4BB06,1,0,0
K4BDP2,1,1,1
K4BNY4,1,1,1
K4BXV0,1,0,0
K4CB47,1,0,0
K4CF70,1,0,0
K4CLT6,1,0,1
K4CUW3,1,0,0
K4CWY6,1,1,1
K4CYU9,1,1,0
K4D2A4,1,1,1
K4D422,1,0,0
O04359,1,1,0
O24030,1,0,0
O48645,1,0,0
O49877,1,1,0
O65917,1,0,0
O80432,1,0,0
O81536,1,1,0
O82777,1,1,0
P05116,1,0,0
P05117,1,1,1
P05349,1,1,1
P07370,0,1,1
P08196,1,0,0
P08706,0,1,1
P12372,1,0,0
P17786,1,1,1
P21568,1,1,1
P23322,1,1,1
P24157,1,1,0
P25469,1,1,0
P26300,1,1,1
P27065,1,1,1
P29000,1,1,1
P30221,1,1,0
P30264,1,1,0
P31542,1,1,0
P32045,1,1,0
P36181,1,1,0
P38415,1,1,1
P38416,1,1,0
P38546,1,1,1
P43280,1,1,1
P43282,1,1,1
P49118,1,1,0
P54153,1,1,1
P54928,1,0,0
P93211,1,1,1
P93212,1,0,0
P93213,1,0,0
P93214,1,1,1
P93224,0,1,1
P93841,1,0,0
Q05538,1,1,0
Q08304,1,0,0
Q08307,1,1,1
Q08655,1,1,0
Q0ZPA3,1,1,0
Q2MI87,1,1,1
Q2MI93,1,1,1
Q2MIA5,1,1,1
Q2MIB5,1,1,1
Q38JD4,1,1,1
Q38MV0,1,1,1
Q3C2L6,1,0,0
Q3I5C4,1,1,1
Q3SC85,1,1,1
Q40129,1,1,1
Q40144,1,1,1
Q41328,1,0,0
Q41350,1,1,1
Q42872,1,1,0
Q42896,1,1,1
Q52QQ4,1,0,0
Q5NE17,1,1,0
Q5NE18,1,1,1
Q5NE21,1,1,1
Q5QJB4,1,1,0
Q672Q7,1,0,0
Q6E4P5,1,0,0
Q6IV07,1,1,1
Q6QLU0,1,1,1
Q6SKP4,1,0,0
Q6T2D2,1,1,1
Q7M222,1,1,1
Q7Y240,1,0,0
Q84T86,1,0,0
Q8GT30,1,1,0
Q8GZD8,1,1,1
Q8GZR6,1,0,0
Q8H6B5,1,0,0
Q8S4R4,1,0,0
Q8SA58,1,0,0
Q93X44,1,0,0
Q93YH0,1,0,0
Q95661,1,0,0
Q96489,0,1,0
Q9AXQ3,1,1,1
Q9AXQ5,1,1,1
Q9LEG3,1,1,1
Q9LEG5,1,0,0
Q9M5A8,1,1,1
Q9SDZ6,1,1,0
Q9XEX8,1,1,1
Q9XEX9,0,1,0
Q9ZP31,1,0,0
Q9ZS44,1,1,0
Q9ZS45,1,0,0
