variable,regla,n_detectadas_total,n_compartidas_por_3,pct_compartidas_por_3,jaccard_medio_pct,n_C,n_P,n_F1,n_solo_C,n_solo_P,n_solo_F1,n_VM,n_PIN,n_RM,n_solo_VM,n_solo_PIN,n_solo_RM,n_R1,n_R2,n_R3,n_solo_R1,n_solo_R2,n_solo_R3
genotype,min1,973,247,25.39,40.81,408.0,863.0,413.0,40.0,417.0,52.0,,,,,,,,,,,,
genotype,min2,593,159,26.81,41.7,219.0,434.0,413.0,20.0,141.0,118.0,,,,,,,,,,,,
genotype,rep3,185,20,10.81,25.59,88.0,29.0,166.0,14.0,3.0,90.0,,,,,,,,,,,,
stage,min1,973,190,19.53,35.27,,,,,,,257.0,627.0,783.0,24.0,139.0,306.0,,,,,,
stage,min2,543,111,20.44,36.02,,,,,,,212.0,413.0,301.0,40.0,156.0,75.0,,,,,,
stage,rep3,185,8,4.32,18.26,,,,,,,160.0,91.0,16.0,88.0,21.0,2.0,,,,,,
replicate,min1,973,248,25.49,42.11,,,,,,,,,,,,,945.0,525.0,265.0,441.0,16.0,2.0
replicate,min2,543,142,26.15,42.67,,,,,,,,,,,,,527.0,253.0,150.0,286.0,10.0,2.0
replicate,rep3,330,83,25.15,41.72,,,,,,,,,,,,,316.0,158.0,90.0,170.0,8.0,1.0
