sample,PC1,PC2,PC3,PC4,PC5,PC6,PC7,PC8,PC9,PC10,PC11,PC12,PC13,PC14,PC15,PC16,PC17,PC18,PC19,PC20,PC21,PC22
C_VM_R1,-5.9513878146164165,-0.8743172525740176,-2.83330860394763,-3.4461043622035805,17.01004664379525,-6.633142549989845,23.203269262778498,1.0168927926708904,-3.9885557067556143,-2.967931508812372,-1.88243031337479,0.14790788835370905,-0.6473000045375591,-0.3877088141863634,-0.13721709106329238,-0.03666807679069439,-0.3386837952688441,-0.01848847439035297,0.006877334532014969,-0.027508449020234756,0.005526900759134533,7.818646432533595e-15
C_VM_R2,-4.624735549311928,-0.4428896742293338,-0.21062176816903858,-3.846822881396324,20.008356377509298,1.3639193563433858,-13.715471566653944,-14.798123950505515,-8.473248020389612,-0.38898723459413237,1.1116961862488923,-0.6613683758912882,-0.7661826356182918,0.12503241756694433,0.008643989908975289,-0.012522902494983628,0.008218548161118482,-0.006998015808884851,0.004331520901535321,-0.0033138789944200113,-0.018550488962668137,7.818646432533589e-15
C_PIN_R1,-6.361560620306405,-5.111471203568716,-0.40451107815821447,-2.1981668372693464,-5.33292439776116,-2.557604752343096,-1.0143888978873226,0.19139139319558773,-1.734879820742123,-1.3194178097254285,-0.9478074678921724,-2.260951400046118,-0.4094477957152482,-0.5599757444619087,-2.234087435655043,-4.418590425693552,-2.0798597360714766,-2.616226667831394,1.703063852146537,5.7585217114625324,-0.9045723248621466,7.818646432533612e-15
C_PIN_R2,-6.376063661064549,-5.181836985350748,-0.4198699204027127,-2.169129166127293,-5.387706898642315,-2.660185527717581,-1.0598187320980204,0.3074719181047245,-1.7516753077010854,-1.3336315070985718,-1.0973386236396208,-2.383996235929216,-1.1778394772853462,-0.3578637270333834,-2.4406808904673922,-5.092262348331043,0.2802571456419988,-4.064127988564823,-5.0613698550829,-3.0237314722917397,-0.05166648491543334,7.8186464325336e-15
C_PIN_R3,-5.852360038120662,-3.5941511218091233,-1.013918041454567,-1.3849548640139178,0.3829966469441158,-1.1712225755269623,3.2088036009497287,-0.2948873811405377,5.296891363139077,6.637180046871069,18.023053314202915,-2.4124726366132254,-0.495870622850297,0.8917721827953187,-0.2972409108135931,-0.07724560661350612,0.25000904398767687,0.07086570527076302,-0.025206068906028466,0.016459354955870403,0.0019206017246322891,7.818646432533573e-15
C_RM_R1,4.6613780375700316,7.145386193107141,-5.361238231065151,40.28131969348251,0.08256505265878988,-6.751078153466753,-0.3386215719480216,-2.6175209023231774,0.5217826807961277,0.1994546366077059,-0.4942189668124376,-0.3460962397141552,0.18680283867559552,0.02032508969337566,0.014342771070347515,0.020841629433117237,0.025331284820904437,-0.019147171687230947,-0.0019428186756911133,0.007992919753574143,-0.001576203996257311,7.818646432533582e-15
C_RM_R2,-6.295262069112164,-4.822291873706506,-0.6057176254665533,-2.070544376127554,-5.499615683288024,-2.341490301616919,-1.2030921983613985,0.5000532083193397,-1.711895462222816,-1.4515051801613483,-1.1867855142483024,-1.9124583047335317,-2.5397561150915653,3.1429028200485805,-4.9686775154293885,8.06896080686811,-5.240295525818429,-0.06029044483749816,-1.5054458794826415,0.19619619148120523,-0.2273390326801955,7.818646432533585e-15
C_RM_R3,-5.9288111061234945,-4.590686347344396,-0.9396410268851089,-0.8703997492269123,-3.2242182977967317,-1.5537164267697903,-1.4462220394029677,0.6900376108824823,-0.9973637048392797,0.2700142030664964,1.5736365122167548,17.47684507045172,-3.7525381973688887,-1.8526854388409422,-0.49580312094256374,-0.09646963356996288,0.10630528215777274,-0.159903461166614,-0.0388755790540951,0.07677047151248846,-0.05826613650122044,7.818646432533595e-15
P_VM_R1,-6.359200948171287,-4.75881773313897,-0.7470763163586577,-2.377035338655986,-1.4305830419131067,-1.961226736540001,-0.8834794496007411,0.15788287746498447,-0.9217111369429148,-0.5666158005433695,0.21995409366796748,3.068153594816386,14.66702905632345,-0.48023225466882397,-1.1508233618672612,0.9551512441572244,-0.5255995256778191,-0.47758379100639703,0.2590055364258152,-0.5263607247469073,-0.23491645236358885,7.818646432533601e-15
P_VM_R2,-6.287306762416319,-5.010351090932143,-0.3843119439799388,-2.053560890566289,-4.768441576630645,-2.3210550635582856,-0.8893627404827609,0.2285001716971493,-1.5340315654245833,-1.1391709171220372,-0.931116312463347,-1.7005581267923806,0.12001147882960446,-1.82896621553573,0.47900039192319765,-2.1264972184406927,0.3124090701537398,8.222499779467906,-3.097779339992465,1.0201991667484087,-1.0566605635892434,7.818646432533565e-15
P_VM_R3,-6.480311226012093,-5.1304780956204405,-0.3504823778883642,-2.2699189439301275,-4.598573041224861,-2.41710796967259,-0.4252094781404617,0.20200513177269014,-1.5035919051350757,-0.563654410926069,-1.5965019893336478,-2.5963489086891838,-1.1571420674333226,-2.091366788247862,-3.003837929187034,3.636112482812645,10.049009776118705,-0.695127754207941,1.015381478378429,0.45448165186039635,-0.24104420438467386,7.818646432533606e-15
P_PIN_R1,14.445991922720578,23.978338167513943,41.66001305184506,-1.6948431008722737,-0.7328607480264466,-3.9258498872307137,0.08923344313185612,1.088951752921866,-0.6226403573545343,0.10158354545786855,0.25292536664409954,0.16547666444852824,0.0667115304763139,0.014989625492381737,0.009457107472124224,0.02291133203491599,-0.0011907139857781446,-0.01030730193717065,-0.00033508312741589084,-0.005237141865444401,-0.01297283023840394,7.818646432533585e-15
P_PIN_R2,-4.405979809879646,-0.43425923931075483,2.418537657877462,-0.7061702982585581,-0.24452546781817427,10.973334750593029,3.3309927041752068,-11.079458010364878,18.717774173739915,-8.9268611826989,-1.8778469469059718,0.3818905011151416,-0.19968175906541233,0.21251221587431127,-0.17521855661964356,-0.10092414249948174,0.06507384356012647,0.0010694249125422954,0.020971085966789933,-0.0158279494699314,-0.027521614937841162,7.818646432533596e-15
P_PIN_R3,-6.485777562453801,-5.030360816401197,-0.6842129038903447,-2.269081029411099,-4.024787580220836,-2.926869341363442,-0.4342913696902572,0.6688365836853428,-1.6244693989784453,-1.2775154278709884,-1.464573957585229,0.9714872747835348,0.08078555061318428,10.43238160166325,6.904911706736054,0.059149922781895854,2.150657322508029,-0.50451615665595,-0.6105103774568632,0.7182064817633935,0.46378229792948583,7.818646432533582e-15
P_RM_R1,77.59038551044897,-12.848353979266664,-6.595691492317955,-3.939202527626493,-0.16401021370434177,-0.03213650237083206,0.24861668658577435,-0.24800978253986158,0.15035773133731678,0.04885973145805819,-0.057899186572334504,-0.01768440018485224,0.007134213808960509,0.003987310207488331,0.009501695417626053,0.009579813056575796,0.008502034273727968,-0.0036948243107525055,0.0011891848244517612,3.9690952337366953e-05,-0.005281301870677989,7.818646432533582e-15
P_RM_R2,-1.6111070070959645,-0.22487556173085976,2.8849711698522347,7.782840934303441,-1.063156216496501,27.46602076574064,3.8015233413729357,5.773373395905876,-9.838777799854478,-0.3973017567799519,1.2520498909617672,-0.38348451830775965,0.10544701354699747,0.28793714801223547,-0.07926632602803432,-0.114368772123199,0.10358832163793016,-0.0019260010511032613,0.004588869098673119,0.0003618558664675131,0.0037965939269942166,7.8186464325336e-15
P_RM_R3,-6.345070542356998,-5.042654088247731,-0.2172665746431797,-1.9255217606085129,-4.9909401395594015,-1.420875912046405,-0.6732651951968501,-0.1933717973118445,-1.0083607430952986,-0.6585471086051754,-0.10049374241866169,-2.837300003969032,-0.8780473800755569,-7.418884216500666,8.601459076390247,3.2412761064443316,-1.9702151281251423,-2.083030668851691,-0.2075265624221383,-0.19573418037518175,-1.033427345828243,7.8186464325336e-15
F1_VM_R1,-4.280895568593892,-2.228744094730392,-1.6178562804193837,0.46991589109620246,15.959730609277008,-0.42532958442400787,-10.634292461549638,19.1610126451542,8.616955469024344,-2.734034986603331,-1.0957803291002273,-0.7958749018954122,-0.5580914352998134,-0.22977481081463685,0.03314317193027322,-0.05680865752265216,-0.017975843940766144,-0.03281426109199261,0.017062696332628524,0.024778249862804018,-0.004780473266216489,7.818646432533606e-15
F1_PIN_R1,4.894412485469002,45.64335082896511,-23.684372134269402,-9.186667427176038,-3.7546241415276636,0.47686973363769736,-0.8759379884769839,0.7806153849979159,-0.4925843835182497,-0.4423332727546677,0.1915679976025475,-0.019810677093858257,0.05760077513095844,-0.05944611144884643,0.05359649710325756,-0.029442575170664224,0.07005916951914193,-0.0035342402637224065,0.008312910272146692,-0.0036298115182382264,-0.0025538029091921577,7.818646432533593e-15
F1_PIN_R3,-5.325566486929932,-1.2859902748786953,-0.08108814754737641,-2.0108328027281863,2.2594364803877363,3.747989821751154,1.7912814857818367,-2.123596800107267,6.173301298431635,19.350661073064856,-8.002234746882511,-0.16328189164823828,-0.15145944470015688,0.17537767394028778,-0.09624435339863908,-0.1979347025896535,-0.4327072462236523,0.008714822519358097,-0.022191345124452103,-0.01490618024134124,-0.011139183780882455,7.818646432533596e-15
F1_RM_R1,-6.218097038604017,-4.977128096148498,-0.3253008677743047,-2.049304446861269,-5.026835909390221,-2.245586995625429,-1.0249602542883676,0.14237139333786775,-1.4702052948120445,-1.1110240567593834,-0.8075489713926373,-1.8947242909548987,-0.6743808269435914,-1.6657862250057338,-0.11340195730176494,-1.1660267770487578,-1.2606600577246236,1.1937095713081791,2.1267843148464967,-0.765465171723715,6.234515868427839,7.8186464325336e-15
F1_RM_R2,-6.402674145038875,-5.177417660596976,-0.487036544936851,-2.065815715822345,-5.459328456571754,-2.6836561478032874,-1.0553065809980982,0.44557236418211316,-1.8030721087022616,-1.3292210754703004,-1.0823062929229967,-1.825350081505866,-1.8837846954200177,1.62547226145074,-0.9215569591784416,-2.488221498699963,-1.5622332697043433,1.2608579201848098,5.403614125599139,-3.6922927859723287,-2.8172738176812038,7.81864643253361e-15
