Accession,region,n_groups
A0A3Q7E8A8,C ∩ P ∩ F1,3
A0A3Q7E8W8,C ∩ P ∩ F1,3
A0A3Q7EB31,C ∩ P ∩ F1,3
A0A3Q7ECG0,C ∩ P ∩ F1,3
A0A3Q7EGK8,C ∩ P ∩ F1,3
A0A3Q7EJL3,C ∩ P ∩ F1,3
A0A3Q7ELT8,C ∩ P ∩ F1,3
A0A3Q7EM11,C ∩ P ∩ F1,3
A0A3Q7EMX2,C ∩ P ∩ F1,3
A0A3Q7ENA3,C ∩ P ∩ F1,3
A0A3Q7ENP1,C ∩ P ∩ F1,3
A0A3Q7ENV3,C ∩ P ∩ F1,3
A0A3Q7EP61,C ∩ P ∩ F1,3
A0A3Q7EQ38,C ∩ P ∩ F1,3
A0A3Q7EQL2,C ∩ P ∩ F1,3
A0A3Q7EQU5,C ∩ P ∩ F1,3
A0A3Q7ERA8,C ∩ P ∩ F1,3
A0A3Q7ERM5,C ∩ P ∩ F1,3
A0A3Q7EUT1,C ∩ P ∩ F1,3
A0A3Q7EWZ3,C ∩ P ∩ F1,3
A0A3Q7F1W7,C ∩ P ∩ F1,3
A0A3Q7F3S0,C ∩ P ∩ F1,3
A0A3Q7F6F6,C ∩ P ∩ F1,3
A0A3Q7F7G5,C ∩ P ∩ F1,3
A0A3Q7F952,C ∩ P ∩ F1,3
A0A3Q7F980,C ∩ P ∩ F1,3
A0A3Q7FB69,C ∩ P ∩ F1,3
A0A3Q7FEY7,C ∩ P ∩ F1,3
A0A3Q7FGG9,C ∩ P ∩ F1,3
A0A3Q7FJJ3,C ∩ P ∩ F1,3
A0A3Q7FLI5,C ∩ P ∩ F1,3
A0A3Q7FN07,C ∩ P ∩ F1,3
A0A3Q7FNF0,C ∩ P ∩ F1,3
A0A3Q7FNL7,C ∩ P ∩ F1,3
A0A3Q7FNP2,C ∩ P ∩ F1,3
A0A3Q7FPQ1,C ∩ P ∩ F1,3
A0A3Q7FQU3,C ∩ P ∩ F1,3
A0A3Q7FRA5,C ∩ P ∩ F1,3
A0A3Q7FRK3,C ∩ P ∩ F1,3
A0A3Q7FSI4,C ∩ P ∩ F1,3
A0A3Q7FW21,C ∩ P ∩ F1,3
A0A3Q7FW96,C ∩ P ∩ F1,3
A0A3Q7FX57,C ∩ P ∩ F1,3
A0A3Q7FZ65,C ∩ P ∩ F1,3
A0A3Q7FZI5,C ∩ P ∩ F1,3
A0A3Q7G087,C ∩ P ∩ F1,3
A0A3Q7G376,C ∩ P ∩ F1,3
A0A3Q7G5P1,C ∩ P ∩ F1,3
A0A3Q7G7H8,C ∩ P ∩ F1,3
A0A3Q7GAX9,C ∩ P ∩ F1,3
A0A3Q7GB69,C ∩ P ∩ F1,3
A0A3Q7GD18,C ∩ P ∩ F1,3
A0A3Q7GDG7,C ∩ P ∩ F1,3
A0A3Q7GH43,C ∩ P ∩ F1,3
A0A3Q7GKD7,C ∩ P ∩ F1,3
A0A3Q7GKS5,C ∩ P ∩ F1,3
A0A3Q7GM93,C ∩ P ∩ F1,3
A0A3Q7GNF6,C ∩ P ∩ F1,3
A0A3Q7GPE5,C ∩ P ∩ F1,3
A0A3Q7GS13,C ∩ P ∩ F1,3
A0A3Q7GTE7,C ∩ P ∩ F1,3
A0A3Q7GV32,C ∩ P ∩ F1,3
A0A3Q7GX88,C ∩ P ∩ F1,3
A0A3Q7GYC4,C ∩ P ∩ F1,3
A0A3Q7H0A0,C ∩ P ∩ F1,3
A0A3Q7H1U4,C ∩ P ∩ F1,3
A0A3Q7H2J9,C ∩ P ∩ F1,3
A0A3Q7H3C5,C ∩ P ∩ F1,3
A0A3Q7H3P6,C ∩ P ∩ F1,3
A0A3Q7H441,C ∩ P ∩ F1,3
A0A3Q7H4P9,C ∩ P ∩ F1,3
A0A3Q7H940,C ∩ P ∩ F1,3
A0A3Q7H9K1,C ∩ P ∩ F1,3
A0A3Q7HCW0,C ∩ P ∩ F1,3
A0A3Q7HD09,C ∩ P ∩ F1,3
A0A3Q7HDP5,C ∩ P ∩ F1,3
A0A3Q7HEZ3,C ∩ P ∩ F1,3
A0A3Q7HFX0,C ∩ P ∩ F1,3
A0A3Q7HGI8,C ∩ P ∩ F1,3
A0A3Q7HGJ9,C ∩ P ∩ F1,3
A0A3Q7HGQ2,C ∩ P ∩ F1,3
A0A3Q7HGX8,C ∩ P ∩ F1,3
A0A3Q7HI00,C ∩ P ∩ F1,3
A0A3Q7HI50,C ∩ P ∩ F1,3
A0A3Q7HIL7,C ∩ P ∩ F1,3
A0A3Q7HJU0,C ∩ P ∩ F1,3
A0A3Q7HMP2,C ∩ P ∩ F1,3
A0A3Q7HMR2,C ∩ P ∩ F1,3
A0A3Q7HNA9,C ∩ P ∩ F1,3
A0A3Q7HPM9,C ∩ P ∩ F1,3
A0A3Q7HRC2,C ∩ P ∩ F1,3
A0A3Q7HUQ3,C ∩ P ∩ F1,3
A0A3Q7HV43,C ∩ P ∩ F1,3
A0A3Q7HVV0,C ∩ P ∩ F1,3
A0A3Q7HX02,C ∩ P ∩ F1,3
A0A3Q7HX95,C ∩ P ∩ F1,3
A0A3Q7HYJ1,C ∩ P ∩ F1,3
A0A3Q7HZM0,C ∩ P ∩ F1,3
A0A3Q7HZV3,C ∩ P ∩ F1,3
A0A3Q7I245,C ∩ P ∩ F1,3
A0A3Q7I4W4,C ∩ P ∩ F1,3
A0A3Q7I6G7,C ∩ P ∩ F1,3
A0A3Q7I767,C ∩ P ∩ F1,3
A0A3Q7I7B3,C ∩ P ∩ F1,3
A0A3Q7I7H2,C ∩ P ∩ F1,3
A0A3Q7I7T0,C ∩ P ∩ F1,3
A0A3Q7I9H4,C ∩ P ∩ F1,3
A0A3Q7IGH7,C ∩ P ∩ F1,3
A0A3Q7IIS5,C ∩ P ∩ F1,3
A0A3Q7IJX7,C ∩ P ∩ F1,3
A0A3Q7ILD3,C ∩ P ∩ F1,3
A0A3Q7ILR9,C ∩ P ∩ F1,3
A0A3Q7ILY0,C ∩ P ∩ F1,3
A0A3Q7IN43,C ∩ P ∩ F1,3
A0A3Q7INZ6,C ∩ P ∩ F1,3
A0A3Q7IRS4,C ∩ P ∩ F1,3
A0A3Q7ITD1,C ∩ P ∩ F1,3
A0A3Q7IWI5,C ∩ P ∩ F1,3
A0A3Q7IYK0,C ∩ P ∩ F1,3
A0A3Q7J0I3,C ∩ P ∩ F1,3
A0A3Q7J3G4,C ∩ P ∩ F1,3
A0A3Q7J408,C ∩ P ∩ F1,3
A0A3Q7J4F0,C ∩ P ∩ F1,3
A0A3Q7J566,C ∩ P ∩ F1,3
A0A3Q7JAV3,C ∩ P ∩ F1,3
A0A3Q7JD73,C ∩ P ∩ F1,3
A0A3Q7JEH3,C ∩ P ∩ F1,3
A0A3Q7JLN4,C ∩ P ∩ F1,3
A0A3Q7JMX3,C ∩ P ∩ F1,3
A0A3Q7JQE3,C ∩ P ∩ F1,3
A0A494G8W2,C ∩ P ∩ F1,3
K4BNY4,C ∩ P ∩ F1,3
K4CWY6,C ∩ P ∩ F1,3
K4D2A4,C ∩ P ∩ F1,3
P05117,C ∩ P ∩ F1,3
P17786,C ∩ P ∩ F1,3
P21568,C ∩ P ∩ F1,3
P23322,C ∩ P ∩ F1,3
P26300,C ∩ P ∩ F1,3
P27065,C ∩ P ∩ F1,3
P29000,C ∩ P ∩ F1,3
P38546,C ∩ P ∩ F1,3
P43280,C ∩ P ∩ F1,3
P54153,C ∩ P ∩ F1,3
Q2MI87,C ∩ P ∩ F1,3
Q2MI93,C ∩ P ∩ F1,3
Q2MIB5,C ∩ P ∩ F1,3
Q3SC85,C ∩ P ∩ F1,3
Q40129,C ∩ P ∩ F1,3
Q41350,C ∩ P ∩ F1,3
Q42896,C ∩ P ∩ F1,3
Q5NE18,C ∩ P ∩ F1,3
Q5NE21,C ∩ P ∩ F1,3
Q6QLU0,C ∩ P ∩ F1,3
Q8GZD8,C ∩ P ∩ F1,3
Q9AXQ3,C ∩ P ∩ F1,3
Q9AXQ5,C ∩ P ∩ F1,3
Q9M5A8,C ∩ P ∩ F1,3
Q9XEX8,C ∩ P ∩ F1,3
A0A3Q7EJA6,C ∩ F1,2
A0A3Q7EU46,C ∩ F1,2
A0A3Q7EXK0,C ∩ F1,2
A0A3Q7FCE4,C ∩ F1,2
A0A3Q7FX71,C ∩ F1,2
A0A3Q7FYH4,C ∩ F1,2
A0A3Q7GKU3,C ∩ F1,2
A0A3Q7GZI4,C ∩ F1,2
A0A3Q7H3K1,C ∩ F1,2
A0A3Q7HBK4,C ∩ F1,2
A0A3Q7IAU4,C ∩ F1,2
A0A3Q7IB19,C ∩ F1,2
A0A3Q7IKX3,C ∩ F1,2
A0A3Q7IMD9,C ∩ F1,2
A0A3Q7IYI9,C ∩ F1,2
A0A3Q7J3I1,C ∩ F1,2
A0A3Q7J5K6,C ∩ F1,2
A0A3Q7JAQ4,C ∩ F1,2
P43282,C ∩ F1,2
Q6IV07,C ∩ F1,2
Q9LEG3,C ∩ F1,2
A0A3Q7ENY7,C ∩ P,2
A0A3Q7EYM6,C ∩ P,2
A0A3Q7F611,C ∩ P,2
A0A3Q7F8X2,C ∩ P,2
A0A3Q7FB67,C ∩ P,2
A0A3Q7FPN1,C ∩ P,2
A0A3Q7GDJ7,C ∩ P,2
A0A3Q7H5I5,C ∩ P,2
A0A3Q7I2A5,C ∩ P,2
A0A3Q7IXY6,C ∩ P,2
A0A3Q7J8R5,C ∩ P,2
B1N678,C ∩ P,2
C6K2K9,C ∩ P,2
K4BDP2,C ∩ P,2
K4CLT6,C ∩ P,2
Q08307,C ∩ P,2
Q3I5C4,C ∩ P,2
Q6T2D2,C ∩ P,2
Q7M222,C ∩ P,2
A0A3Q7E8I1,P ∩ F1,2
A0A3Q7E8T9,P ∩ F1,2
A0A3Q7EFC3,P ∩ F1,2
A0A3Q7EHP2,P ∩ F1,2
A0A3Q7EHY3,P ∩ F1,2
A0A3Q7ENE9,P ∩ F1,2
A0A3Q7EPC2,P ∩ F1,2
A0A3Q7EQN7,P ∩ F1,2
A0A3Q7ETC3,P ∩ F1,2
A0A3Q7EUV6,P ∩ F1,2
A0A3Q7EUX7,P ∩ F1,2
A0A3Q7EV39,P ∩ F1,2
A0A3Q7EY39,P ∩ F1,2
A0A3Q7EYC4,P ∩ F1,2
A0A3Q7EZ16,P ∩ F1,2
A0A3Q7F0F8,P ∩ F1,2
A0A3Q7F507,P ∩ F1,2
A0A3Q7F529,P ∩ F1,2
A0A3Q7F579,P ∩ F1,2
A0A3Q7F7P0,P ∩ F1,2
A0A3Q7F894,P ∩ F1,2
A0A3Q7FAI2,P ∩ F1,2
A0A3Q7FAU0,P ∩ F1,2
A0A3Q7FAX1,P ∩ F1,2
A0A3Q7FC02,P ∩ F1,2
A0A3Q7FCM3,P ∩ F1,2
A0A3Q7FCR4,P ∩ F1,2
A0A3Q7FF30,P ∩ F1,2
A0A3Q7FFB2,P ∩ F1,2
A0A3Q7FRB5,P ∩ F1,2
A0A3Q7FS97,P ∩ F1,2
A0A3Q7FSE5,P ∩ F1,2
A0A3Q7FWE8,P ∩ F1,2
A0A3Q7FZI2,P ∩ F1,2
A0A3Q7G067,P ∩ F1,2
A0A3Q7G528,P ∩ F1,2
A0A3Q7G7Y1,P ∩ F1,2
A0A3Q7G8V6,P ∩ F1,2
A0A3Q7GAX3,P ∩ F1,2
A0A3Q7GB74,P ∩ F1,2
A0A3Q7GCR0,P ∩ F1,2
A0A3Q7GGP4,P ∩ F1,2
A0A3Q7GJA8,P ∩ F1,2
A0A3Q7GKL8,P ∩ F1,2
A0A3Q7GLK1,P ∩ F1,2
A0A3Q7GP79,P ∩ F1,2
A0A3Q7GPY6,P ∩ F1,2
A0A3Q7GQM4,P ∩ F1,2
A0A3Q7GU88,P ∩ F1,2
A0A3Q7H063,P ∩ F1,2
A0A3Q7H0W4,P ∩ F1,2
A0A3Q7H4T5,P ∩ F1,2
A0A3Q7H5A6,P ∩ F1,2
A0A3Q7H7F3,P ∩ F1,2
A0A3Q7HC76,P ∩ F1,2
A0A3Q7HCY8,P ∩ F1,2
A0A3Q7HDI6,P ∩ F1,2
A0A3Q7HG98,P ∩ F1,2
A0A3Q7HH02,P ∩ F1,2
A0A3Q7HIP9,P ∩ F1,2
A0A3Q7HIX0,P ∩ F1,2
A0A3Q7HJ62,P ∩ F1,2
A0A3Q7HJC7,P ∩ F1,2
A0A3Q7HJH5,P ∩ F1,2
A0A3Q7HQI3,P ∩ F1,2
A0A3Q7HRQ8,P ∩ F1,2
A0A3Q7HSR7,P ∩ F1,2
A0A3Q7HU15,P ∩ F1,2
A0A3Q7HV38,P ∩ F1,2
A0A3Q7HW81,P ∩ F1,2
A0A3Q7HXU3,P ∩ F1,2
A0A3Q7HZL2,P ∩ F1,2
A0A3Q7HZQ4,P ∩ F1,2
A0A3Q7I3U9,P ∩ F1,2
A0A3Q7I3V5,P ∩ F1,2
A0A3Q7I5Y6,P ∩ F1,2
A0A3Q7I956,P ∩ F1,2
A0A3Q7I9A3,P ∩ F1,2
A0A3Q7I9U4,P ∩ F1,2
A0A3Q7IB13,P ∩ F1,2
A0A3Q7IBY7,P ∩ F1,2
A0A3Q7IHS3,P ∩ F1,2
A0A3Q7IJU2,P ∩ F1,2
A0A3Q7IM38,P ∩ F1,2
A0A3Q7IM99,P ∩ F1,2
A0A3Q7IMF7,P ∩ F1,2
A0A3Q7IMU3,P ∩ F1,2
A0A3Q7IRF8,P ∩ F1,2
A0A3Q7IRM3,P ∩ F1,2
A0A3Q7IS88,P ∩ F1,2
A0A3Q7ISV4,P ∩ F1,2
A0A3Q7ISW6,P ∩ F1,2
A0A3Q7ITL4,P ∩ F1,2
A0A3Q7IUI9,P ∩ F1,2
A0A3Q7J1A5,P ∩ F1,2
A0A3Q7J1U2,P ∩ F1,2
A0A3Q7J2T1,P ∩ F1,2
A0A3Q7J492,P ∩ F1,2
A0A3Q7JAE3,P ∩ F1,2
A0A3Q7JAQ7,P ∩ F1,2
A0A3Q7JBV0,P ∩ F1,2
A0A3Q7JDE8,P ∩ F1,2
A0A3Q7JEN8,P ∩ F1,2
C6K2L0,P ∩ F1,2
D2Y3F4,P ∩ F1,2
E3UVW7,P ∩ F1,2
G3K2M4,P ∩ F1,2
K4BAE6,P ∩ F1,2
P38415,P ∩ F1,2
P38416,P ∩ F1,2
P93214,P ∩ F1,2
Q38JD4,P ∩ F1,2
Q5NE17,P ∩ F1,2
Q5QJB4,P ∩ F1,2
Q8GT30,P ∩ F1,2
A0A3Q7ETK4,solo C,1
A0A3Q7FPG0,solo C,1
A0A3Q7FTS6,solo C,1
A0A3Q7FZ63,solo C,1
A0A3Q7G195,solo C,1
A0A3Q7GRY8,solo C,1
A0A3Q7GV49,solo C,1
A0A3Q7GYB4,solo C,1
A0A3Q7H377,solo C,1
A0A3Q7HLM8,solo C,1
A0A3Q7HVY6,solo C,1
A0A3Q7I0X4,solo C,1
A0A3Q7IBU5,solo C,1
A0A3Q7IJL4,solo C,1
A0A3Q7IPT1,solo C,1
A0A3Q7J1V3,solo C,1
G1DEX3,solo C,1
P05349,solo C,1
P07370,solo C,1
P93224,solo C,1
A0A3Q7E824,solo F1,1
A0A3Q7EH43,solo F1,1
A0A3Q7EHH5,solo F1,1
A0A3Q7EK01,solo F1,1
A0A3Q7ER05,solo F1,1
A0A3Q7ET25,solo F1,1
A0A3Q7EUR6,solo F1,1
A0A3Q7F0P2,solo F1,1
A0A3Q7F0V0,solo F1,1
A0A3Q7F1S0,solo F1,1
A0A3Q7F1S8,solo F1,1
A0A3Q7F2B5,solo F1,1
A0A3Q7F4F5,solo F1,1
A0A3Q7F7L6,solo F1,1
A0A3Q7F9B8,solo F1,1
A0A3Q7FA43,solo F1,1
A0A3Q7FAZ1,solo F1,1
A0A3Q7FBU5,solo F1,1
A0A3Q7FE06,solo F1,1
A0A3Q7FQ28,solo F1,1
A0A3Q7FQ43,solo F1,1
A0A3Q7FTL7,solo F1,1
A0A3Q7FTM5,solo F1,1
A0A3Q7FU99,solo F1,1
A0A3Q7FWB5,solo F1,1
A0A3Q7FWZ9,solo F1,1
A0A3Q7FX41,solo F1,1
A0A3Q7FY03,solo F1,1
A0A3Q7G0T6,solo F1,1
A0A3Q7G3R4,solo F1,1
A0A3Q7G5V9,solo F1,1
A0A3Q7G5Y8,solo F1,1
A0A3Q7G7S9,solo F1,1
A0A3Q7G8G0,solo F1,1
A0A3Q7G9B3,solo F1,1
A0A3Q7GCI2,solo F1,1
A0A3Q7GDF2,solo F1,1
A0A3Q7GFD0,solo F1,1
A0A3Q7GLM4,solo F1,1
A0A3Q7GM08,solo F1,1
A0A3Q7GM81,solo F1,1
A0A3Q7GND4,solo F1,1
A0A3Q7GP46,solo F1,1
A0A3Q7GQZ4,solo F1,1
A0A3Q7GRM6,solo F1,1
A0A3Q7GTM3,solo F1,1
A0A3Q7GVY6,solo F1,1
A0A3Q7GY20,solo F1,1
A0A3Q7GY58,solo F1,1
A0A3Q7H1L0,solo F1,1
A0A3Q7H2F5,solo F1,1
A0A3Q7H3B4,solo F1,1
A0A3Q7H4R7,solo F1,1
A0A3Q7H7Q7,solo F1,1
A0A3Q7H8H1,solo F1,1
A0A3Q7HA43,solo F1,1
A0A3Q7HFB7,solo F1,1
A0A3Q7HG43,solo F1,1
A0A3Q7HGM6,solo F1,1
A0A3Q7HHL0,solo F1,1
A0A3Q7HIS4,solo F1,1
A0A3Q7HNB2,solo F1,1
A0A3Q7HQA3,solo F1,1
A0A3Q7HRB7,solo F1,1
A0A3Q7HRC7,solo F1,1
A0A3Q7HT73,solo F1,1
A0A3Q7HVV9,solo F1,1
A0A3Q7HW79,solo F1,1
A0A3Q7HXW1,solo F1,1
A0A3Q7I0E4,solo F1,1
A0A3Q7I0J3,solo F1,1
A0A3Q7I6V9,solo F1,1
A0A3Q7I7U0,solo F1,1
A0A3Q7I8V2,solo F1,1
A0A3Q7IBT3,solo F1,1
A0A3Q7IF15,solo F1,1
A0A3Q7IHL0,solo F1,1
A0A3Q7IJ63,solo F1,1
A0A3Q7IJ81,solo F1,1
A0A3Q7IMV7,solo F1,1
A0A3Q7IN81,solo F1,1
A0A3Q7IQV2,solo F1,1
A0A3Q7IV51,solo F1,1
A0A3Q7IVH1,solo F1,1
A0A3Q7IXE6,solo F1,1
A0A3Q7IY72,solo F1,1
A0A3Q7IYZ1,solo F1,1
A0A3Q7IZ03,solo F1,1
A0A3Q7IZR8,solo F1,1
A0A3Q7J082,solo F1,1
A0A3Q7J5Z9,solo F1,1
A0A3Q7JDN9,solo F1,1
A0A3Q7JDP0,solo F1,1
A0A3Q7JGF7,solo F1,1
A0A3Q7JJ90,solo F1,1
A0A3Q7JSV3,solo F1,1
A0A3Q7JW47,solo F1,1
A0RZC9,solo F1,1
A4ZYQ6,solo F1,1
H6WYS2,solo F1,1
K4B3Y8,solo F1,1
O49877,solo F1,1
O81536,solo F1,1
O82777,solo F1,1
P08706,solo F1,1
P24157,solo F1,1
P25469,solo F1,1
P30264,solo F1,1
P31542,solo F1,1
P36181,solo F1,1
P49118,solo F1,1
P93211,solo F1,1
Q05538,solo F1,1
Q2MIA5,solo F1,1
Q38MV0,solo F1,1
Q40144,solo F1,1
Q9SDZ6,solo F1,1
Q9ZS44,solo F1,1
A0A3Q7E7D4,solo P,1
A0A3Q7EA02,solo P,1
A0A3Q7EGV4,solo P,1
A0A3Q7EHP3,solo P,1
A0A3Q7EKQ6,solo P,1
A0A3Q7EMP9,solo P,1
A0A3Q7EPW1,solo P,1
A0A3Q7EQ90,solo P,1
A0A3Q7ES85,solo P,1
A0A3Q7ETE6,solo P,1
A0A3Q7ETU0,solo P,1
A0A3Q7EUN5,solo P,1
A0A3Q7F0G4,solo P,1
A0A3Q7F2F3,solo P,1
A0A3Q7F3F2,solo P,1
A0A3Q7F479,solo P,1
A0A3Q7F491,solo P,1
A0A3Q7F4L8,solo P,1
A0A3Q7F5X4,solo P,1
A0A3Q7F8E3,solo P,1
A0A3Q7F9I5,solo P,1
A0A3Q7FD98,solo P,1
A0A3Q7FDW1,solo P,1
A0A3Q7FF59,solo P,1
A0A3Q7FH75,solo P,1
A0A3Q7FJI3,solo P,1
A0A3Q7FN52,solo P,1
A0A3Q7FPB3,solo P,1
A0A3Q7FRG1,solo P,1
A0A3Q7FS73,solo P,1
A0A3Q7FTS1,solo P,1
A0A3Q7FTZ2,solo P,1
A0A3Q7FUW9,solo P,1
A0A3Q7FVH0,solo P,1
A0A3Q7FVL0,solo P,1
A0A3Q7FVP3,solo P,1
A0A3Q7FWM7,solo P,1
A0A3Q7FY79,solo P,1
A0A3Q7FYL1,solo P,1
A0A3Q7FZG5,solo P,1
A0A3Q7FZP1,solo P,1
A0A3Q7G0N6,solo P,1
A0A3Q7G505,solo P,1
A0A3Q7G5T0,solo P,1
A0A3Q7G727,solo P,1
A0A3Q7G8S3,solo P,1
A0A3Q7G9X1,solo P,1
A0A3Q7GAH8,solo P,1
A0A3Q7GAU9,solo P,1
A0A3Q7GBL5,solo P,1
A0A3Q7GBW7,solo P,1
A0A3Q7GDK7,solo P,1
A0A3Q7GF14,solo P,1
A0A3Q7GJ82,solo P,1
A0A3Q7GJK2,solo P,1
A0A3Q7GMW1,solo P,1
A0A3Q7GPU8,solo P,1
A0A3Q7GSL2,solo P,1
A0A3Q7GST1,solo P,1
A0A3Q7GU91,solo P,1
A0A3Q7GWK3,solo P,1
A0A3Q7GXH5,solo P,1
A0A3Q7GXS6,solo P,1
A0A3Q7GYZ1,solo P,1
A0A3Q7H0L3,solo P,1
A0A3Q7H112,solo P,1
A0A3Q7H1L7,solo P,1
A0A3Q7H2D0,solo P,1
A0A3Q7H2N5,solo P,1
A0A3Q7H2W6,solo P,1
A0A3Q7H3Z1,solo P,1
A0A3Q7H3Z8,solo P,1
A0A3Q7H4F2,solo P,1
A0A3Q7H4X3,solo P,1
A0A3Q7H6Y1,solo P,1
A0A3Q7HAN1,solo P,1
A0A3Q7HB75,solo P,1
A0A3Q7HDZ4,solo P,1
A0A3Q7HQF1,solo P,1
A0A3Q7HQH1,solo P,1
A0A3Q7HTP1,solo P,1
A0A3Q7HTY1,solo P,1
A0A3Q7HU53,solo P,1
A0A3Q7HU74,solo P,1
A0A3Q7HUE5,solo P,1
A0A3Q7HUR4,solo P,1
A0A3Q7HVG8,solo P,1
A0A3Q7HWS9,solo P,1
A0A3Q7HX13,solo P,1
A0A3Q7I365,solo P,1
A0A3Q7I3Q3,solo P,1
A0A3Q7I6B5,solo P,1
A0A3Q7I6C6,solo P,1
A0A3Q7I7G3,solo P,1
A0A3Q7I881,solo P,1
A0A3Q7IA99,solo P,1
A0A3Q7IAT1,solo P,1
A0A3Q7IB32,solo P,1
A0A3Q7IB34,solo P,1
A0A3Q7IDI1,solo P,1
A0A3Q7IHK1,solo P,1
A0A3Q7IJL2,solo P,1
A0A3Q7ILN9,solo P,1
A0A3Q7ILP6,solo P,1
A0A3Q7ILV3,solo P,1
A0A3Q7IM48,solo P,1
A0A3Q7IPI1,solo P,1
A0A3Q7ISK0,solo P,1
A0A3Q7IZW2,solo P,1
A0A3Q7J166,solo P,1
A0A3Q7J2G8,solo P,1
A0A3Q7J3B1,solo P,1
A0A3Q7J3Q6,solo P,1
A0A3Q7J4V1,solo P,1
A0A3Q7J5N2,solo P,1
A0A3Q7J9P7,solo P,1
A0A3Q7JA27,solo P,1
A0A3Q7JAE6,solo P,1
A0A3Q7JBP6,solo P,1
A0A3Q7JCI1,solo P,1
A0A3Q7JDG0,solo P,1
A0A3Q7JDH2,solo P,1
A0A3Q7JDH7,solo P,1
A0A3Q7JDK3,solo P,1
A0A3Q7JE01,solo P,1
A0A3Q7JFP9,solo P,1
A0A3Q7JK86,solo P,1
A0A3Q7JP71,solo P,1
D2KQI9,solo P,1
K4CB47,solo P,1
K4CYU9,solo P,1
K4D422,solo P,1
O04359,solo P,1
P08196,solo P,1
P30221,solo P,1
P32045,solo P,1
Q08655,solo P,1
Q0ZPA3,solo P,1
Q42872,solo P,1
Q52QQ4,solo P,1
Q9ZS45,solo P,1
