Accession,C,P,F1
A0A290WKX8,0,0,0
A0A3Q7E7D4,0,0,0
A0A3Q7E824,0,0,0
A0A3Q7E8A8,0,0,1
A0A3Q7E8I1,0,0,0
A0A3Q7E8T9,0,0,0
A0A3Q7E8W8,0,0,1
A0A3Q7E908,0,0,0
A0A3Q7E9H0,0,0,0
A0A3Q7E9J6,0,0,0
A0A3Q7E9M8,0,0,0
A0A3Q7E9U3,0,0,0
A0A3Q7EA02,0,0,0
A0A3Q7EA80,0,0,0
A0A3Q7EB31,0,0,0
A0A3Q7ECG0,1,0,1
A0A3Q7EFC3,0,0,0
A0A3Q7EGI1,0,0,0
A0A3Q7EGK8,1,1,0
A0A3Q7EGV4,0,0,0
A0A3Q7EH12,0,0,0
A0A3Q7EH43,0,0,1
A0A3Q7EHH5,0,0,0
A0A3Q7EHP2,0,0,0
A0A3Q7EHP3,0,0,0
A0A3Q7EHY3,0,0,0
A0A3Q7EHY8,0,0,0
A0A3Q7EIK2,0,0,0
A0A3Q7EIZ7,0,0,0
A0A3Q7EJA6,0,0,0
A0A3Q7EJL3,0,0,0
A0A3Q7EJP1,0,0,0
A0A3Q7EK01,0,0,0
A0A3Q7EK26,0,0,0
A0A3Q7EKG5,0,0,0
A0A3Q7EKI7,0,0,0
A0A3Q7EKQ6,0,0,0
A0A3Q7ELA6,0,0,0
A0A3Q7ELT8,0,0,1
A0A3Q7EM11,1,0,1
A0A3Q7EM80,0,0,0
A0A3Q7EMN1,0,0,0
A0A3Q7EMP9,0,0,0
A0A3Q7EMV9,0,0,0
A0A3Q7EMX2,1,0,1
A0A3Q7EN73,0,0,0
A0A3Q7ENA3,0,0,0
A0A3Q7ENE9,0,0,0
A0A3Q7ENL9,0,0,0
A0A3Q7ENP1,0,0,0
A0A3Q7ENV3,0,0,1
A0A3Q7ENY7,0,0,0
A0A3Q7EP54,0,0,0
A0A3Q7EP61,0,0,0
A0A3Q7EP74,0,0,0
A0A3Q7EPC2,0,0,0
A0A3Q7EPT6,0,0,0
A0A3Q7EPW1,0,0,0
A0A3Q7EQ38,1,1,1
A0A3Q7EQ62,0,0,0
A0A3Q7EQ78,0,0,0
A0A3Q7EQ90,0,1,0
A0A3Q7EQJ0,0,0,0
A0A3Q7EQL2,0,0,0
A0A3Q7EQN7,0,0,0
A0A3Q7EQQ1,0,0,0
A0A3Q7EQU5,0,0,1
A0A3Q7ER05,0,0,0
A0A3Q7ER18,0,0,0
A0A3Q7ER22,0,0,0
A0A3Q7ERA8,0,0,1
A0A3Q7ERI0,0,0,0
A0A3Q7ERM5,0,0,1
A0A3Q7ERS3,0,0,0
A0A3Q7ES41,0,0,0
A0A3Q7ES58,0,0,0
A0A3Q7ES85,0,0,0
A0A3Q7ESA9,0,0,0
A0A3Q7ESD1,0,0,0
A0A3Q7ESG5,0,0,0
A0A3Q7ESN2,0,0,0
A0A3Q7ET25,0,0,0
A0A3Q7ETC3,0,0,0
A0A3Q7ETE6,0,0,0
A0A3Q7ETK4,1,0,0
A0A3Q7ETU0,0,0,0
A0A3Q7ETU6,0,0,0
A0A3Q7EU34,0,0,0
A0A3Q7EU46,1,0,0
A0A3Q7EU87,0,0,0
A0A3Q7EUE8,0,0,0
A0A3Q7EUN5,0,0,0
A0A3Q7EUP1,0,0,0
A0A3Q7EUR6,0,0,0
A0A3Q7EUS0,0,0,0
A0A3Q7EUT1,0,0,1
A0A3Q7EUT2,0,0,0
A0A3Q7EUV6,0,0,0
A0A3Q7EUX7,0,0,0
A0A3Q7EV39,0,0,1
A0A3Q7EVT9,0,0,0
A0A3Q7EWZ3,0,0,0
A0A3Q7EXK0,1,0,1
A0A3Q7EXW0,0,0,0
A0A3Q7EY39,0,0,0
A0A3Q7EYC4,0,0,0
A0A3Q7EYI3,0,0,0
A0A3Q7EYM6,0,0,0
A0A3Q7EYX0,0,0,0
A0A3Q7EZ16,0,0,1
A0A3Q7EZ95,0,0,0
A0A3Q7F081,0,0,0
A0A3Q7F0A7,0,0,0
A0A3Q7F0F8,0,0,0
A0A3Q7F0G4,0,0,0
A0A3Q7F0I2,0,0,0
A0A3Q7F0L2,0,0,0
A0A3Q7F0P2,0,0,0
A0A3Q7F0Q0,0,0,0
A0A3Q7F0V0,0,0,0
A0A3Q7F153,0,0,0
A0A3Q7F1S0,0,0,0
A0A3Q7F1S8,0,0,0
A0A3Q7F1W7,1,0,1
A0A3Q7F2B5,0,0,0
A0A3Q7F2F3,0,0,0
A0A3Q7F2V6,0,0,0
A0A3Q7F2Y7,0,0,0
A0A3Q7F352,0,0,0
A0A3Q7F3F2,0,0,0
A0A3Q7F3S0,1,0,1
A0A3Q7F479,0,0,0
A0A3Q7F491,0,0,0
A0A3Q7F4A6,0,0,0
A0A3Q7F4F5,0,0,0
A0A3Q7F4L8,0,0,0
A0A3Q7F507,0,0,0
A0A3Q7F529,0,0,1
A0A3Q7F579,0,0,0
A0A3Q7F5W7,0,0,0
A0A3Q7F5X4,0,0,0
A0A3Q7F5Y3,0,0,0
A0A3Q7F611,0,0,0
A0A3Q7F639,0,0,0
A0A3Q7F6B1,0,0,0
A0A3Q7F6F6,0,0,1
A0A3Q7F6N7,0,0,0
A0A3Q7F7G5,0,0,1
A0A3Q7F7H4,0,0,0
A0A3Q7F7L6,0,0,0
A0A3Q7F7L8,0,0,0
A0A3Q7F7P0,0,0,0
A0A3Q7F872,0,0,0
A0A3Q7F894,0,0,0
A0A3Q7F8E3,0,0,0
A0A3Q7F8L3,0,0,0
A0A3Q7F8V6,0,0,0
A0A3Q7F8X2,0,0,0
A0A3Q7F8X4,0,0,0
A0A3Q7F900,0,0,0
A0A3Q7F952,0,0,1
A0A3Q7F980,0,0,1
A0A3Q7F9B8,0,0,0
A0A3Q7F9I5,0,0,0
A0A3Q7F9J2,0,0,0
A0A3Q7F9P0,0,0,0
A0A3Q7F9W4,0,0,0
A0A3Q7FA43,0,0,0
A0A3Q7FA76,0,0,0
A0A3Q7FAA3,0,0,0
A0A3Q7FAI2,0,0,0
A0A3Q7FAT9,0,0,0
A0A3Q7FAU0,0,0,0
A0A3Q7FAX1,0,0,0
A0A3Q7FAZ1,0,0,0
A0A3Q7FB67,0,0,0
A0A3Q7FB69,1,0,1
A0A3Q7FB87,0,0,0
A0A3Q7FBR1,0,0,0
A0A3Q7FBU5,0,0,0
A0A3Q7FC02,0,0,0
A0A3Q7FCE4,1,0,0
A0A3Q7FCH7,0,0,0
A0A3Q7FCM3,0,0,1
A0A3Q7FCR4,0,0,0
A0A3Q7FD22,0,0,0
A0A3Q7FD98,0,0,0
A0A3Q7FDE7,0,0,0
A0A3Q7FDW1,0,0,0
A0A3Q7FE06,0,0,0
A0A3Q7FES6,0,0,0
A0A3Q7FEY7,1,0,1
A0A3Q7FF30,0,0,0
A0A3Q7FF59,0,0,0
A0A3Q7FF75,0,0,0
A0A3Q7FFB2,0,0,0
A0A3Q7FFY2,0,0,0
A0A3Q7FGG9,0,0,0
A0A3Q7FH28,0,0,0
A0A3Q7FH75,0,0,0
A0A3Q7FHW8,0,0,0
A0A3Q7FJA9,0,0,0
A0A3Q7FJI3,0,0,0
A0A3Q7FJJ3,0,0,1
A0A3Q7FK90,0,0,0
A0A3Q7FKE1,0,0,0
A0A3Q7FKJ0,0,0,0
A0A3Q7FKT4,0,0,0
A0A3Q7FKZ2,0,0,0
A0A3Q7FL73,0,0,0
A0A3Q7FLI5,0,0,0
A0A3Q7FLZ9,0,0,0
A0A3Q7FME1,0,0,0
A0A3Q7FMF5,0,0,0
A0A3Q7FMY9,0,0,0
A0A3Q7FN07,0,0,1
A0A3Q7FN48,0,0,0
A0A3Q7FN52,0,0,0
A0A3Q7FN70,0,0,0
A0A3Q7FNF0,0,0,1
A0A3Q7FNL7,1,0,1
A0A3Q7FNP2,1,0,1
A0A3Q7FNP5,0,0,0
A0A3Q7FNQ5,0,0,0
A0A3Q7FPB3,0,0,0
A0A3Q7FPG0,0,0,0
A0A3Q7FPJ2,0,0,0
A0A3Q7FPN1,0,0,0
A0A3Q7FPQ1,0,0,0
A0A3Q7FQ28,0,0,0
A0A3Q7FQ43,0,0,0
A0A3Q7FQ46,0,0,0
A0A3Q7FQ90,0,0,0
A0A3Q7FQN2,0,0,0
A0A3Q7FQU3,0,0,1
A0A3Q7FR83,0,0,0
A0A3Q7FR95,0,0,0
A0A3Q7FRA5,0,0,1
A0A3Q7FRB5,0,0,0
A0A3Q7FRG1,0,0,0
A0A3Q7FRK3,1,1,1
A0A3Q7FRU0,0,0,0
A0A3Q7FS03,0,0,0
A0A3Q7FS41,0,0,0
A0A3Q7FS73,0,0,0
A0A3Q7FS97,0,0,0
A0A3Q7FSA0,0,0,0
A0A3Q7FSE5,0,0,0
A0A3Q7FSH7,0,0,0
A0A3Q7FSI4,0,0,0
A0A3Q7FTL7,0,0,0
A0A3Q7FTM5,0,0,0
A0A3Q7FTS1,0,0,0
A0A3Q7FTS6,1,0,0
A0A3Q7FTZ2,0,0,0
A0A3Q7FU69,0,0,0
A0A3Q7FU99,0,0,0
A0A3Q7FUJ4,0,0,0
A0A3Q7FUV3,0,0,0
A0A3Q7FUW9,0,0,0
A0A3Q7FVH0,0,0,0
A0A3Q7FVL0,0,0,0
A0A3Q7FVP3,0,0,0
A0A3Q7FW21,1,0,1
A0A3Q7FW72,0,0,0
A0A3Q7FW96,0,0,1
A0A3Q7FWB5,0,0,0
A0A3Q7FWE8,0,0,0
A0A3Q7FWK4,0,0,0
A0A3Q7FWM7,0,0,0
A0A3Q7FWZ9,0,0,0
A0A3Q7FX31,0,0,0
A0A3Q7FX41,0,0,0
A0A3Q7FX57,1,1,1
A0A3Q7FX70,0,0,0
A0A3Q7FX71,0,0,0
A0A3Q7FXP7,0,0,0
A0A3Q7FXR6,0,0,0
A0A3Q7FXU4,0,0,0
A0A3Q7FXZ8,0,0,0
A0A3Q7FY03,0,0,0
A0A3Q7FY19,0,0,0
A0A3Q7FY79,0,0,0
A0A3Q7FYB9,0,0,0
A0A3Q7FYD2,0,0,0
A0A3Q7FYH4,1,0,1
A0A3Q7FYL1,0,0,0
A0A3Q7FZ41,0,0,0
A0A3Q7FZ63,1,0,0
A0A3Q7FZ65,1,0,1
A0A3Q7FZA2,0,0,0
A0A3Q7FZG5,0,0,0
A0A3Q7FZI2,0,0,1
A0A3Q7FZI5,0,0,1
A0A3Q7FZP1,0,0,0
A0A3Q7FZQ7,0,0,0
A0A3Q7FZW9,0,0,0
A0A3Q7G067,0,0,1
A0A3Q7G087,1,0,1
A0A3Q7G0C7,0,0,0
A0A3Q7G0N6,0,0,0
A0A3Q7G0R2,0,0,0
A0A3Q7G0T6,0,0,0
A0A3Q7G195,0,0,0
A0A3Q7G251,0,0,0
A0A3Q7G344,0,0,0
A0A3Q7G376,0,1,1
A0A3Q7G3R4,0,0,0
A0A3Q7G4Y3,0,0,0
A0A3Q7G505,0,0,0
A0A3Q7G528,0,0,1
A0A3Q7G5A8,0,0,0
A0A3Q7G5P1,0,0,1
A0A3Q7G5T0,0,0,0
A0A3Q7G5V9,0,0,0
A0A3Q7G5Y8,0,0,0
A0A3Q7G6Z5,0,0,0
A0A3Q7G720,0,0,0
A0A3Q7G727,0,0,0
A0A3Q7G7H8,0,0,1
A0A3Q7G7S9,0,0,0
A0A3Q7G7T0,0,0,0
A0A3Q7G7Y1,0,0,0
A0A3Q7G863,0,0,0
A0A3Q7G8G0,0,0,0
A0A3Q7G8S3,0,0,0
A0A3Q7G8V6,0,0,0
A0A3Q7G9B3,0,0,0
A0A3Q7G9D1,0,0,0
A0A3Q7G9X1,0,0,0
A0A3Q7GA27,0,0,0
A0A3Q7GAH8,0,0,0
A0A3Q7GAU9,0,0,0
A0A3Q7GAX3,0,0,1
A0A3Q7GAX9,0,1,1
A0A3Q7GAZ9,0,0,0
A0A3Q7GB69,1,0,1
A0A3Q7GB74,0,0,0
A0A3Q7GBL5,0,0,0
A0A3Q7GBW7,0,0,0
A0A3Q7GC36,0,0,0
A0A3Q7GCI2,0,0,0
A0A3Q7GCM6,0,0,0
A0A3Q7GCR0,0,0,0
A0A3Q7GD18,1,1,1
A0A3Q7GDA5,0,0,0
A0A3Q7GDF2,0,0,1
A0A3Q7GDG7,1,0,1
A0A3Q7GDJ7,0,0,0
A0A3Q7GDK7,0,0,0
A0A3Q7GDS0,0,0,0
A0A3Q7GE36,0,0,0
A0A3Q7GEU9,0,0,0
A0A3Q7GEV3,0,0,0
A0A3Q7GF14,0,0,0
A0A3Q7GFD0,0,0,0
A0A3Q7GG46,0,0,0
A0A3Q7GGD9,0,0,0
A0A3Q7GGP4,0,0,0
A0A3Q7GH03,0,0,0
A0A3Q7GH43,0,0,1
A0A3Q7GHE2,0,0,0
A0A3Q7GHG2,0,0,0
A0A3Q7GHV9,0,0,0
A0A3Q7GJ82,0,0,0
A0A3Q7GJA8,0,0,0
A0A3Q7GJG3,0,0,0
A0A3Q7GJK2,0,0,0
A0A3Q7GKD7,1,0,1
A0A3Q7GKL8,0,0,0
A0A3Q7GKS5,0,0,1
A0A3Q7GKU3,0,0,1
A0A3Q7GLK1,0,0,0
A0A3Q7GLM4,0,0,0
A0A3Q7GLX5,0,0,0
A0A3Q7GM08,0,0,1
A0A3Q7GM81,0,0,1
A0A3Q7GM93,1,1,1
A0A3Q7GMM2,0,0,0
A0A3Q7GMW1,0,0,0
A0A3Q7GMW3,0,0,0
A0A3Q7GMW4,0,0,0
A0A3Q7GNB3,0,0,0
A0A3Q7GND4,0,0,0
A0A3Q7GNF0,0,0,0
A0A3Q7GNF6,1,0,1
A0A3Q7GNM1,0,0,0
A0A3Q7GNQ9,0,0,0
A0A3Q7GNR7,0,0,0
A0A3Q7GP46,0,0,0
A0A3Q7GP79,0,0,1
A0A3Q7GPE5,0,0,0
A0A3Q7GPU8,0,0,0
A0A3Q7GPY6,0,0,1
A0A3Q7GQC5,0,0,0
A0A3Q7GQE6,0,0,0
A0A3Q7GQM4,0,0,1
A0A3Q7GQR0,0,0,0
A0A3Q7GQT9,0,0,0
A0A3Q7GQU3,0,0,0
A0A3Q7GQZ4,0,0,0
A0A3Q7GR57,0,0,0
A0A3Q7GRA7,0,0,0
A0A3Q7GRM6,0,0,0
A0A3Q7GRN1,0,0,0
A0A3Q7GRY0,0,0,0
A0A3Q7GRY8,1,0,0
A0A3Q7GS13,1,0,1
A0A3Q7GSA0,0,0,0
A0A3Q7GSL2,0,0,0
A0A3Q7GST1,0,0,0
A0A3Q7GTE7,0,0,1
A0A3Q7GTM3,0,0,0
A0A3Q7GU88,0,0,0
A0A3Q7GU91,0,0,0
A0A3Q7GUA2,0,0,0
A0A3Q7GV32,0,0,0
A0A3Q7GV49,0,0,0
A0A3Q7GVY6,0,0,0
A0A3Q7GW64,0,0,0
A0A3Q7GWK3,0,0,0
A0A3Q7GWP0,0,0,0
A0A3Q7GX52,0,0,0
A0A3Q7GX88,0,0,1
A0A3Q7GX91,0,0,0
A0A3Q7GXH5,0,0,0
A0A3Q7GXS6,0,0,0
A0A3Q7GY20,0,0,1
A0A3Q7GY58,0,0,0
A0A3Q7GY69,0,0,0
A0A3Q7GYB4,0,0,0
A0A3Q7GYC4,1,1,1
A0A3Q7GYZ1,0,0,0
A0A3Q7GYZ2,0,0,0
A0A3Q7GZ10,0,0,0
A0A3Q7GZ60,0,0,0
A0A3Q7GZI4,0,0,0
A0A3Q7GZX3,0,0,0
A0A3Q7H063,0,0,1
A0A3Q7H0A0,0,0,0
A0A3Q7H0E8,0,0,0
A0A3Q7H0L3,0,0,0
A0A3Q7H0W4,0,0,0
A0A3Q7H112,0,0,0
A0A3Q7H1L0,0,0,0
A0A3Q7H1L7,0,0,0
A0A3Q7H1Q5,0,0,0
A0A3Q7H1T0,0,0,0
A0A3Q7H1U4,1,0,1
A0A3Q7H1V9,0,0,0
A0A3Q7H1Y4,0,0,0
A0A3Q7H233,0,0,0
A0A3Q7H2D0,0,0,0
A0A3Q7H2F5,0,0,0
A0A3Q7H2J9,1,0,1
A0A3Q7H2N5,0,0,0
A0A3Q7H2W6,0,0,0
A0A3Q7H377,0,0,0
A0A3Q7H3B4,0,0,1
A0A3Q7H3C5,1,0,1
A0A3Q7H3K1,0,0,0
A0A3Q7H3P6,1,0,1
A0A3Q7H3V2,0,0,0
A0A3Q7H3V9,0,0,0
A0A3Q7H3Y0,0,0,0
A0A3Q7H3Z1,0,0,0
A0A3Q7H3Z8,0,0,0
A0A3Q7H441,0,0,1
A0A3Q7H4F2,0,0,0
A0A3Q7H4P9,1,0,0
A0A3Q7H4R7,0,0,0
A0A3Q7H4T5,0,0,0
A0A3Q7H4X3,0,0,0
A0A3Q7H5A6,0,0,0
A0A3Q7H5I5,0,0,0
A0A3Q7H6Y1,0,0,0
A0A3Q7H7F3,0,0,1
A0A3Q7H7Q7,0,0,0
A0A3Q7H7R1,0,0,0
A0A3Q7H8H1,0,0,0
A0A3Q7H8S0,0,0,0
A0A3Q7H918,0,0,0
A0A3Q7H940,0,0,0
A0A3Q7H9K1,1,0,1
A0A3Q7HA43,0,0,0
A0A3Q7HAH2,0,0,0
A0A3Q7HAN1,0,0,0
A0A3Q7HB75,0,0,0
A0A3Q7HBA0,0,0,0
A0A3Q7HBK4,1,0,1
A0A3Q7HBR5,0,0,0
A0A3Q7HC76,0,0,0
A0A3Q7HC92,0,0,0
A0A3Q7HCP9,0,0,0
A0A3Q7HCW0,0,0,0
A0A3Q7HCY8,0,0,0
A0A3Q7HD09,0,0,1
A0A3Q7HD29,0,0,0
A0A3Q7HD58,0,0,0
A0A3Q7HDF7,0,0,0
A0A3Q7HDI6,0,0,0
A0A3Q7HDP5,0,0,1
A0A3Q7HDZ4,0,0,0
A0A3Q7HE99,0,0,0
A0A3Q7HEZ3,1,0,1
A0A3Q7HFB7,0,0,0
A0A3Q7HFX0,0,0,1
A0A3Q7HFZ1,0,0,0
A0A3Q7HG43,0,0,1
A0A3Q7HG48,0,0,0
A0A3Q7HG98,0,0,0
A0A3Q7HGC8,0,0,0
A0A3Q7HGD7,0,0,0
A0A3Q7HGI8,0,0,1
A0A3Q7HGJ9,1,0,1
A0A3Q7HGM6,0,0,0
A0A3Q7HGQ2,0,0,0
A0A3Q7HGQ5,0,0,0
A0A3Q7HGX8,0,0,0
A0A3Q7HH02,0,0,1
A0A3Q7HH84,0,0,0
A0A3Q7HHC0,0,0,0
A0A3Q7HHL0,0,0,0
A0A3Q7HI00,0,0,0
A0A3Q7HI26,0,0,0
A0A3Q7HI50,1,1,1
A0A3Q7HIF6,0,0,0
A0A3Q7HIL7,0,0,1
A0A3Q7HIP9,0,0,0
A0A3Q7HIS4,0,0,0
A0A3Q7HIX0,0,0,0
A0A3Q7HJ62,0,0,0
A0A3Q7HJC7,0,0,0
A0A3Q7HJH5,0,0,0
A0A3Q7HJJ7,0,0,0
A0A3Q7HJL9,0,0,0
A0A3Q7HJU0,0,1,1
A0A3Q7HKZ6,0,0,0
A0A3Q7HLK8,0,0,0
A0A3Q7HLM8,0,0,0
A0A3Q7HLY0,0,0,0
A0A3Q7HMP2,1,0,0
A0A3Q7HMR2,1,0,1
A0A3Q7HNA9,0,0,1
A0A3Q7HNB2,0,0,0
A0A3Q7HNQ1,0,0,0
A0A3Q7HP88,0,0,0
A0A3Q7HPM9,1,0,1
A0A3Q7HQA3,0,0,0
A0A3Q7HQB6,0,0,0
A0A3Q7HQF1,0,0,0
A0A3Q7HQH1,0,0,0
A0A3Q7HQI3,0,0,0
A0A3Q7HR13,0,0,0
A0A3Q7HRB7,0,0,0
A0A3Q7HRC2,1,0,1
A0A3Q7HRC7,0,0,1
A0A3Q7HRQ8,0,0,1
A0A3Q7HSI3,0,0,0
A0A3Q7HSR7,0,0,0
A0A3Q7HT73,0,0,0
A0A3Q7HTC1,0,0,0
A0A3Q7HTH3,0,0,0
A0A3Q7HTP1,0,0,0
A0A3Q7HTY1,0,0,0
A0A3Q7HU15,0,0,1
A0A3Q7HU53,0,0,0
A0A3Q7HU74,0,0,0
A0A3Q7HU84,0,0,0
A0A3Q7HUE5,0,0,0
A0A3Q7HUQ3,1,0,1
A0A3Q7HUR4,0,0,0
A0A3Q7HUY0,0,0,0
A0A3Q7HV38,0,0,1
A0A3Q7HV43,1,1,0
A0A3Q7HVC4,0,0,0
A0A3Q7HVG8,0,0,0
A0A3Q7HVI4,0,0,0
A0A3Q7HVV0,0,0,0
A0A3Q7HVV9,0,0,0
A0A3Q7HVY6,0,0,0
A0A3Q7HW79,0,0,0
A0A3Q7HW81,0,0,0
A0A3Q7HWC3,0,0,0
A0A3Q7HWS9,0,0,0
A0A3Q7HX02,1,0,1
A0A3Q7HX13,0,0,0
A0A3Q7HX95,1,1,1
A0A3Q7HXI0,0,0,0
A0A3Q7HXU3,0,0,0
A0A3Q7HXW1,0,0,0
A0A3Q7HYJ1,0,0,0
A0A3Q7HZ04,0,0,0
A0A3Q7HZ41,0,0,0
A0A3Q7HZ62,0,0,0
A0A3Q7HZL2,0,0,0
A0A3Q7HZM0,1,1,1
A0A3Q7HZQ4,0,0,0
A0A3Q7HZV3,1,1,1
A0A3Q7I008,0,0,0
A0A3Q7I0A1,0,0,0
A0A3Q7I0E4,0,0,0
A0A3Q7I0J3,0,0,0
A0A3Q7I0X4,0,0,0
A0A3Q7I1I2,0,0,0
A0A3Q7I245,1,1,1
A0A3Q7I2A5,0,0,0
A0A3Q7I365,0,0,0
A0A3Q7I3Q3,0,0,0
A0A3Q7I3U9,0,0,0
A0A3Q7I3V5,0,0,0
A0A3Q7I4P2,0,0,0
A0A3Q7I4W4,1,0,1
A0A3Q7I516,0,0,0
A0A3Q7I593,0,0,0
A0A3Q7I5P3,0,0,0
A0A3Q7I5W4,0,0,0
A0A3Q7I5Y6,0,0,0
A0A3Q7I626,0,0,0
A0A3Q7I643,0,0,0
A0A3Q7I6A1,0,0,0
A0A3Q7I6B5,0,0,0
A0A3Q7I6C6,0,0,0
A0A3Q7I6G7,0,0,0
A0A3Q7I6V9,0,0,0
A0A3Q7I767,1,1,1
A0A3Q7I7B3,0,0,1
A0A3Q7I7G3,0,0,0
A0A3Q7I7H2,1,0,0
A0A3Q7I7R7,0,0,0
A0A3Q7I7T0,0,0,1
A0A3Q7I7U0,0,0,0
A0A3Q7I881,0,0,0
A0A3Q7I8A0,0,0,0
A0A3Q7I8V2,0,0,0
A0A3Q7I956,0,0,0
A0A3Q7I9A2,0,0,0
A0A3Q7I9A3,0,0,0
A0A3Q7I9H4,0,0,1
A0A3Q7I9U4,0,0,0
A0A3Q7I9X4,0,0,0
A0A3Q7IA56,0,0,0
A0A3Q7IA99,0,0,0
A0A3Q7IAA7,0,0,0
A0A3Q7IAT1,0,0,0
A0A3Q7IAU4,1,0,1
A0A3Q7IB06,0,0,0
A0A3Q7IB13,0,0,0
A0A3Q7IB19,1,0,1
A0A3Q7IB32,0,0,0
A0A3Q7IB34,0,0,0
A0A3Q7IBT3,0,0,0
A0A3Q7IBU5,0,0,0
A0A3Q7IBY7,0,0,0
A0A3Q7IDI1,0,0,0
A0A3Q7IDX8,0,0,0
A0A3Q7IF15,0,0,0
A0A3Q7IFK3,0,0,0
A0A3Q7IFL7,0,0,0
A0A3Q7IGH0,0,0,0
A0A3Q7IGH7,0,0,0
A0A3Q7IGQ1,0,0,0
A0A3Q7IGR5,0,0,0
A0A3Q7IGT1,0,0,0
A0A3Q7IHK1,0,0,0
A0A3Q7IHL0,0,0,0
A0A3Q7IHS3,0,0,0
A0A3Q7IIB9,0,0,0
A0A3Q7IIH8,0,0,0
A0A3Q7IIS5,1,1,1
A0A3Q7IIZ3,0,0,0
A0A3Q7IJ63,0,0,0
A0A3Q7IJ81,0,0,0
A0A3Q7IJE6,0,0,0
A0A3Q7IJK5,0,0,0
A0A3Q7IJL2,0,0,0
A0A3Q7IJL4,0,0,0
A0A3Q7IJQ0,0,0,0
A0A3Q7IJU2,0,0,0
A0A3Q7IJV9,0,0,0
A0A3Q7IJX7,0,0,0
A0A3Q7IKJ5,0,0,0
A0A3Q7IKN3,0,0,0
A0A3Q7IKU9,0,0,0
A0A3Q7IKX3,0,0,0
A0A3Q7IL38,0,0,0
A0A3Q7ILD3,1,0,1
A0A3Q7ILN9,0,0,0
A0A3Q7ILP6,0,0,0
A0A3Q7ILR9,0,0,0
A0A3Q7ILV3,0,0,0
A0A3Q7ILY0,1,0,1
A0A3Q7IM38,0,0,0
A0A3Q7IM48,0,0,0
A0A3Q7IM60,0,0,0
A0A3Q7IM99,0,0,0
A0A3Q7IMD9,0,0,0
A0A3Q7IMF7,0,0,1
A0A3Q7IMR6,0,0,0
A0A3Q7IMU3,0,0,0
A0A3Q7IMV7,0,0,0
A0A3Q7IN43,1,0,1
A0A3Q7IN81,0,0,0
A0A3Q7INV1,0,0,0
A0A3Q7INZ6,0,0,0
A0A3Q7IPI1,0,0,0
A0A3Q7IPM4,0,0,0
A0A3Q7IPT1,0,0,0
A0A3Q7IPW3,0,0,0
A0A3Q7IQI8,0,0,0
A0A3Q7IQK0,0,0,0
A0A3Q7IQT6,0,0,0
A0A3Q7IQV2,0,0,0
A0A3Q7IR67,0,0,0
A0A3Q7IRF8,0,0,0
A0A3Q7IRK5,0,0,0
A0A3Q7IRM3,0,0,0
A0A3Q7IRR8,0,0,0
A0A3Q7IRS4,1,0,1
A0A3Q7IS88,0,0,0
A0A3Q7ISK0,0,0,0
A0A3Q7ISV4,0,0,0
A0A3Q7ISW6,0,0,0
A0A3Q7ITD1,1,0,1
A0A3Q7ITL4,0,0,1
A0A3Q7ITW6,0,0,0
A0A3Q7ITY0,0,0,0
A0A3Q7IUI9,0,0,0
A0A3Q7IV51,0,0,0
A0A3Q7IVC4,0,0,0
A0A3Q7IVH1,0,0,0
A0A3Q7IWI5,1,0,0
A0A3Q7IXE6,0,0,0
A0A3Q7IXT2,0,0,0
A0A3Q7IXY6,1,0,0
A0A3Q7IY72,0,0,0
A0A3Q7IYI9,1,0,0
A0A3Q7IYK0,0,0,1
A0A3Q7IYZ1,0,0,1
A0A3Q7IZ03,0,0,0
A0A3Q7IZI6,0,0,0
A0A3Q7IZK1,0,0,0
A0A3Q7IZR8,0,0,0
A0A3Q7IZW2,0,0,0
A0A3Q7J033,0,0,0
A0A3Q7J082,0,0,0
A0A3Q7J0B1,0,0,0
A0A3Q7J0I3,0,0,1
A0A3Q7J0J5,0,0,0
A0A3Q7J0Z4,0,0,0
A0A3Q7J166,0,0,0
A0A3Q7J176,0,0,0
A0A3Q7J1A3,0,0,0
A0A3Q7J1A5,0,0,0
A0A3Q7J1A7,0,0,0
A0A3Q7J1U2,0,0,0
A0A3Q7J1V3,0,0,0
A0A3Q7J2E6,0,0,0
A0A3Q7J2G8,0,0,0
A0A3Q7J2T1,0,0,0
A0A3Q7J3B1,0,0,0
A0A3Q7J3G4,1,0,1
A0A3Q7J3I1,1,0,1
A0A3Q7J3Q3,0,0,0
A0A3Q7J3Q6,0,0,0
A0A3Q7J3U5,0,0,0
A0A3Q7J3W4,0,0,0
A0A3Q7J3Y8,0,0,0
A0A3Q7J408,0,0,0
A0A3Q7J492,0,0,0
A0A3Q7J4F0,1,0,1
A0A3Q7J4T9,0,0,0
A0A3Q7J4V1,0,0,0
A0A3Q7J501,0,0,0
A0A3Q7J519,0,0,0
A0A3Q7J566,1,0,1
A0A3Q7J5K6,0,0,0
A0A3Q7J5N2,0,0,0
A0A3Q7J5Z9,0,0,0
A0A3Q7J671,0,0,0
A0A3Q7J8R5,0,0,0
A0A3Q7J9P7,0,0,0
A0A3Q7J9R5,0,0,0
A0A3Q7JA27,0,0,0
A0A3Q7JAB8,0,0,0
A0A3Q7JAE3,0,0,0
A0A3Q7JAE6,0,0,0
A0A3Q7JAQ4,0,0,0
A0A3Q7JAQ7,0,0,0
A0A3Q7JAV3,0,0,1
A0A3Q7JAZ2,0,0,0
A0A3Q7JB49,0,0,0
A0A3Q7JBP6,0,0,0
A0A3Q7JBV0,0,0,0
A0A3Q7JCI1,0,0,0
A0A3Q7JCM5,0,0,0
A0A3Q7JCM7,0,0,0
A0A3Q7JCN9,0,0,0
A0A3Q7JD72,0,0,0
A0A3Q7JD73,0,0,1
A0A3Q7JD76,0,0,0
A0A3Q7JDE8,0,0,1
A0A3Q7JDF2,0,0,0
A0A3Q7JDG0,0,0,0
A0A3Q7JDH2,0,0,0
A0A3Q7JDH7,0,0,0
A0A3Q7JDI3,0,0,0
A0A3Q7JDJ8,0,0,0
A0A3Q7JDK3,0,0,0
A0A3Q7JDN9,0,0,0
A0A3Q7JDP0,0,0,0
A0A3Q7JDV8,0,0,0
A0A3Q7JE01,0,0,0
A0A3Q7JEH3,0,0,0
A0A3Q7JEN8,0,0,1
A0A3Q7JFP9,0,0,0
A0A3Q7JGF7,0,0,0
A0A3Q7JGR5,0,0,0
A0A3Q7JJ90,0,0,0
A0A3Q7JJW7,0,0,0
A0A3Q7JK86,0,0,0
A0A3Q7JKM5,0,0,0
A0A3Q7JLN4,1,0,1
A0A3Q7JMX3,0,0,1
A0A3Q7JP71,0,0,0
A0A3Q7JPE6,0,0,0
A0A3Q7JQE3,0,0,1
A0A3Q7JRP8,0,0,0
A0A3Q7JRU9,0,0,0
A0A3Q7JSV3,0,0,0
A0A3Q7JW47,0,0,0
A0A3Q7JYM3,0,0,0
A0A3Q7JYS4,0,0,0
A0A3Q7JYT4,0,0,0
A0A494G8F6,0,0,0
A0A494G8J8,0,0,0
A0A494G8T9,0,0,0
A0A494G8W2,1,0,1
A0A494G9E6,0,0,0
A0A494GA45,0,0,0
A0RZC9,0,0,0
A0RZD0,0,0,0
A4ZYQ6,0,0,0
A7X331,0,0,0
B1N678,0,1,0
B1Q3F0,0,0,0
B1Q3F8,0,0,0
B5M9E5,0,0,0
C0LIR3,0,0,0
C0LIR4,0,0,0
C6K2K9,0,0,0
C6K2L0,0,0,0
D0VNY3,0,0,0
D2KQI9,0,0,0
D2Y3F4,0,0,0
E3UVW7,0,0,0
G1DEX3,0,0,0
G3K2M4,0,0,0
G8XSL1,0,0,0
G8Z278,0,0,0
G8Z288,0,0,0
H6WYS2,0,0,0
K4ATQ2,0,0,0
K4B3K5,0,0,0
K4B3Y8,0,0,0
K4BAE6,0,0,0
K4BB06,0,0,0
K4BDP2,0,0,0
K4BNY4,0,0,0
K4BXV0,0,0,0
K4CB47,0,0,0
K4CF70,0,0,0
K4CLT6,0,0,0
K4CUW3,0,0,0
K4CWY6,0,0,1
K4CYU9,0,0,0
K4D2A4,0,0,1
K4D422,0,0,0
O04359,0,0,0
O24030,0,0,0
O48645,0,0,0
O49877,0,0,0
O65917,0,0,0
O80432,0,0,0
O81536,0,0,0
O82777,0,0,0
P05116,0,0,0
P05117,1,1,1
P05349,0,0,0
P07370,0,0,0
P08196,0,0,0
P08706,0,0,0
P12372,0,0,0
P17786,1,1,1
P21568,0,0,1
P23322,1,0,1
P24157,0,0,0
P25469,0,0,0
P26300,1,1,1
P27065,1,1,1
P29000,0,0,0
P30221,0,0,0
P30264,0,0,0
P31542,0,0,0
P32045,0,0,0
P36181,0,0,0
P38415,0,0,1
P38416,0,0,0
P38546,0,0,1
P43280,0,0,1
P43282,1,0,1
P49118,0,0,0
P54153,0,1,0
P54928,0,0,0
P93211,0,0,1
P93212,0,0,0
P93213,0,0,0
P93214,0,0,1
P93224,0,0,0
P93841,0,0,0
Q05538,0,0,0
Q08304,0,0,0
Q08307,0,0,0
Q08655,0,0,0
Q0ZPA3,0,0,0
Q2MI87,1,0,1
Q2MI93,1,1,1
Q2MIA5,0,0,1
Q2MIB5,1,0,1
Q38JD4,0,0,0
Q38MV0,0,0,1
Q3C2L6,0,0,0
Q3I5C4,0,0,0
Q3SC85,1,0,0
Q40129,0,0,1
Q40144,0,0,1
Q41328,0,0,0
Q41350,1,0,1
Q42872,0,0,0
Q42896,0,0,1
Q52QQ4,0,0,0
Q5NE17,0,0,0
Q5NE18,1,0,1
Q5NE21,0,0,0
Q5QJB4,0,0,0
Q672Q7,0,0,0
Q6E4P5,0,0,0
Q6IV07,0,0,1
Q6QLU0,0,0,1
Q6SKP4,0,0,0
Q6T2D2,0,0,0
Q7M222,1,0,0
Q7Y240,0,0,0
Q84T86,0,0,0
Q8GT30,0,0,0
Q8GZD8,0,0,1
Q8GZR6,0,0,0
Q8H6B5,0,0,0
Q8S4R4,0,0,0
Q8SA58,0,0,0
Q93X44,0,0,0
Q93YH0,0,0,0
Q95661,0,0,0
Q96489,0,0,0
Q9AXQ3,1,1,1
Q9AXQ5,0,1,1
Q9LEG3,0,0,1
Q9LEG5,0,0,0
Q9M5A8,0,0,1
Q9SDZ6,0,0,0
Q9XEX8,1,1,1
Q9XEX9,0,0,0
Q9ZP31,0,0,0
Q9ZS44,0,0,0
Q9ZS45,0,0,0
