sample,PC1,PC2,PC3,PC4,PC5,PC6,PC7,PC8,PC9,PC10,PC11,PC12,PC13,PC14,PC15,PC16,PC17,PC18,PC19,PC20,PC21,PC22,PC23,PC24,PC25,PC26,PC27
C_VM_R1,-5.45323040668933,-1.0674472991058856,-2.484288761906635,-3.344223027033283,7.142614732258332,2.3139544520482938,-9.923782615855083,28.785160842804036,-4.053242177665786,-3.26335415092105,-2.0799856478495924,0.13618964302253844,-0.7315415929773225,0.34956580292733125,-0.22259240984494116,-0.24267960288338844,0.302932223692121,0.020503654890883554,0.00019881532362738783,-0.023528048374602078,0.015018549828416574,8.555429418143338e-10,1.4834994793906143e-15,-3.434080627186291e-15,-3.5099341276741104e-17,-4.030251431198258e-18,-5.0662045969876936e-17
C_VM_R2,-5.020125518803782,-2.4830996865096275,-0.4846746341906662,-4.648382055937346,13.841828032856728,10.530867099175435,-13.419372076515796,-9.308221129723691,-1.8727004565410894,-0.6756566665093079,0.5017532348144583,-0.5110127533246452,-0.5707455568122202,-0.09999142075266114,0.03371440396182983,-0.0014184606029765962,-0.006457577933936991,0.006433942800160293,-0.008682283188322313,-0.00721037683010699,-0.016005013807867195,-1.0823570633622294e-09,-1.7567231665719624e-14,-7.027670682699528e-15,1.4564939208035755e-16,-1.0497256881811577e-16,-3.195459887433132e-16
C_VM_R3,-5.0201255188037806,-2.483099686509619,-0.48467463419065265,-4.648382055937344,13.841828032856714,10.530867099175426,-13.419372076515783,-9.30822112972368,-1.8727004565410885,-0.6756566665093094,0.5017532348144563,-0.5110127533246415,-0.5707455568122206,-0.09999142075265711,0.03371440396182953,-0.0014184606029724487,-0.0064575779339339275,0.006433942800157821,-0.008682283188320221,-0.007210376830108223,-0.016005013807869405,-1.0823570690218214e-09,2.0534230624500894e-14,1.5950942832694283e-16,-2.1584807463384042e-16,9.691206595571999e-17,2.1822189680356004e-16
C_PIN_R1,-5.675543834511101,-5.272379585319092,-0.1780652289036626,-1.3760016523351426,-6.574054959219308,-3.0402498772881357,-1.1546846788259852,-1.6646501979624992,-1.604591171312046,-1.471583122680024,-0.9556952980883839,-1.9826700750893895,-0.24275084227647678,-0.15780712634207536,-2.256745874356727,-4.202412854473006,-0.30141232685441155,3.7569875084967834,-0.07119313783906002,6.516159156586829,-2.0317816553288557,-8.226705097057126e-10,1.4834994793906214e-15,-3.434080627186283e-15,-3.509934127674213e-17,-4.030251431198208e-18,-5.066204596987512e-17
C_PIN_R2,-5.694949392569273,-5.3578294969248015,-0.20073133456415554,-1.3412198145727956,-6.574520652276267,-3.2368319641825636,-1.0811155302831068,-1.679825190502676,-1.6584532373568963,-1.4759864702193468,-1.1015281470797833,-2.090479110123387,-1.0387613965526252,-0.41111468233696524,-2.2503589706416376,-3.237383758762441,-2.863380112155593,6.528828377279932,3.25597952503683,-4.675854405602579,0.018166531361442036,3.3849317516982504e-11,1.4834994793906241e-15,-3.4340806271863007e-15,-3.5099341276741585e-17,-4.0302514311997125e-18,-5.066204596987665e-17
C_PIN_R3,-5.251898518909201,-3.5563866908956974,-0.8896872695678053,-0.861138645608166,-2.310514714590737,-0.46292089941604514,-0.624706143284448,4.078974626285454,4.533117583186884,7.265584516775338,19.254461125610803,-3.3990495002906065,-0.48786596432984525,-1.1403874469689539,-0.12266290771704359,0.10911937588248029,-0.26485662910838437,-0.0856772220501483,0.03995341981701362,0.006093530282946816,-0.006654603524593761,-2.632310999537671e-09,1.4834994793906233e-15,-3.434080627186291e-15,-3.509934127674145e-17,-4.0302514311989806e-18,-5.066204596987699e-17
C_RM_R1,5.854933768533469,7.113273014252869,-2.2108928608995635,44.28380647977488,3.123783525298623,-4.128677993704541,-6.2559308970501455,-0.6402985915505116,1.4078155512467387,0.36772260029883724,-0.5664452796957394,-0.35050729499004535,0.18681031718490979,-0.018851773224536343,0.02164754314459507,0.03638491011495073,-0.009235134472697923,0.01675633009875086,-0.0054817027891511955,0.00563773779189365,-0.004570378359170429,-4.652702277083848e-09,1.4834994793906216e-15,-3.4340806271862947e-15,-3.509934127674121e-17,-4.030251431198435e-18,-5.066204596987683e-17
C_RM_R2,-5.620093693385681,-4.952672494137902,-0.3734136062802357,-1.2450986527753602,-6.5768373755735965,-3.157804259142517,-0.6449729329939892,-1.866223848885826,-1.7101399195444007,-1.7044934650293635,-1.234800987126784,-1.7635968337872052,-2.4668738742389773,-3.9534735491951136,-3.7350587524519367,5.7720979273335695,9.394705443503081,0.4970634045150754,1.5797123363354504,-0.322475914973943,-0.43870351434527205,-6.064397174275312e-10,1.483499479390611e-15,-3.4340806271862825e-15,-3.50993412767418e-17,-4.030251431194661e-18,-5.0662045969877355e-17
C_RM_R3,-5.280857583729349,-4.733748142557874,-0.7052896480807415,-0.16724702217873555,-3.9112589250577434,-1.9054373559797788,-0.389417876295267,-1.3581963071841463,-1.0828423767087891,0.35013319153736444,2.7020346057833136,18.647610288168845,-4.028337632810766,1.6072744699333734,-0.8058535282307704,-0.0029298575304363113,-0.14277038478815823,0.15631377139809702,0.00611671474349776,0.04650377346044261,-0.09631853458283036,-1.3044409290636707e-09,1.483499479390628e-15,-3.4340806271862947e-15,-3.509934127674124e-17,-4.030251431199323e-18,-5.0662045969877115e-17
P_VM_R1,-5.771279276240853,-5.032949599805194,-0.6330585025400511,-1.8615707514420747,-2.436094002711405,-1.4934209317847704,-1.3660764703313693,-0.46834033457945246,-0.7855381702258839,-0.5247447920537389,0.5078757227901491,3.460009904114341,15.4310018457802,0.4343480341567742,-1.9735210499892728,0.20543169664382685,1.1538737182286807,0.004653309747722448,-0.9474067089259955,-0.6303658388266281,-0.1232021464952768,-6.890857587841344e-11,1.4834994793906259e-15,-3.434080627186294e-15,-3.509934127674156e-17,-4.030251431197462e-18,-5.0662045969876794e-17
P_VM_R2,-5.6207281018229835,-5.1991919035267005,-0.1734952193809093,-1.2852268012908503,-5.93122638703769,-2.7630030898026963,-0.9960577003551634,-1.4338072059922005,-1.4234920216834017,-1.240354447030996,-0.9456326060572934,-1.4800802493998872,0.348699177362495,1.8164706443896745,-0.051933847860444395,-1.8524998448322567,-1.6404709190367346,-6.569346891635604,6.993947970011688,0.21548471120645793,-1.3852718100630625,-4.790226830878262e-10,1.4834994793906223e-15,-3.4340806271863e-15,-3.5099341276742324e-17,-4.0302514311976355e-18,-5.066204596987826e-17
P_VM_R3,-5.816489231869969,-5.270285129794402,-0.18535093287876683,-1.524895481387476,-5.9599524004647355,-2.708243746957218,-1.1688168769519438,-0.8535147243011546,-1.3787252622927213,-0.5417110892236453,-1.6734882742754698,-2.350237368810658,-0.8982975233053326,1.9406256531983255,-3.402603018538789,9.076181723724552,-7.475913373839579,-0.181724133698467,-1.583895203496844,0.6380939586938492,-0.30595216932786495,8.526196820839397e-10,1.4834994793906245e-15,-3.4340806271862975e-15,-3.50993412767416e-17,-4.030251431197943e-18,-5.0662045969876665e-17
P_PIN_R1,16.60785386344431,21.938484511213456,47.99850404362479,-3.5200048944279922,1.2955345374976965,-3.9536900422394208,-0.9231168287787079,0.255681637626385,-0.9027880216308175,0.23017782790397887,0.2141785300834088,0.14312840440527433,0.06428133355013035,-0.007792879587691204,0.009672412621527349,0.017468954511742192,0.014550676264649325,0.003047378196620966,-0.011615108570134211,-0.009546818024316438,-0.0126705610794599,-6.349792730466822e-10,1.4834994793906196e-15,-3.434080627186298e-15,-3.5099341276741277e-17,-4.0302514311980084e-18,-5.0662045969877016e-17
P_PIN_R2,-3.6918623710775913,-0.5308891715305548,2.8411612624853078,-0.1408379829352074,-4.3137762022057915,11.756280086528815,3.3781583507596746,1.9531285307301518,23.882192816885027,-8.340500481494743,-1.9280205387302558,0.38748143256447454,-0.23248722548837403,-0.2836069599347434,-0.1464131461519895,-0.06082751145393889,-0.11292948820111158,-0.014027296900345546,-0.03197461578015806,-0.01667982073215914,-0.02422914332938299,-1.4470783798999816e-10,1.4834994793906223e-15,-3.4340806271862955e-15,-3.509934127674111e-17,-4.030251431198019e-18,-5.066204596987708e-17
P_PIN_R3,-5.851587603702296,-5.222939851906713,-0.4776420307009564,-1.5753434667957678,-5.228410800704582,-3.181236887297103,-1.2376192507518828,-0.5421092322450731,-1.6242605212562913,-1.3963591312832744,-1.3847061858898553,1.2922027414790327,1.1481091163763286,-8.559033775222836,10.115876531098113,1.885286279241658,-1.9349117860215574,0.7695594400653453,0.5807741030610503,0.5960742675405519,0.23854643235679993,-8.066355204211744e-11,1.4834994793906241e-15,-3.4340806271862975e-15,-3.509934127674151e-17,-4.030251431199171e-18,-5.0662045969877515e-17
P_RM_R1,86.11693107672359,-12.998933803817541,-8.649278482302778,-4.034655296248786,-0.48566496961910827,0.05316066123937166,-0.19062476608894263,0.1438089337230618,0.22682694434243314,0.07175723951166804,-0.058724318846910886,-0.01802566736560883,0.00595720971715099,-0.0006857637250518162,0.011327719364092206,0.012544337820883858,-0.002791815802421492,0.0006545713188940572,-0.004781944420919751,-0.0010388767788020682,-0.005285211194397566,4.2219838075272445e-10,1.4834994793906133e-15,-3.434080627186297e-15,-3.509934127674115e-17,-4.030251431198301e-18,-5.066204596987717e-17
P_RM_R2,-0.7813972091857155,-0.5086162983173457,3.796681890379099,8.625097012581604,-4.724531192813687,24.090301212066173,17.622476534805752,1.6133581055090958,-11.790509079723833,-1.031662437114097,1.0793399230271894,-0.4550575869080068,0.088821779876199,-0.3212418822109269,-0.017245841429776594,-0.030937166942580526,-0.16048836956022516,0.006585507835374496,-0.004248493625796225,0.0023690720632200857,0.0022826552115988974,1.7079874654635371e-09,1.4834994793906198e-15,-3.4340806271862916e-15,-3.509934127674092e-17,-4.030251431198536e-18,-5.066204596987662e-17
P_RM_R3,-5.657753167458526,-5.175103964651344,-0.009337874840850283,-1.1241854886073839,-6.386370121469869,-1.8065907561516146,-0.6581765211257837,-1.3948044862031186,-0.7046791535892855,-0.613274002528542,0.05591482955855443,-2.710070716387028,-0.5227391440577557,10.55597228399,7.288361255782947,1.3134443846099186,3.360256194775975,1.4405761513872233,-1.1012310978596416,-0.5944615478508619,-1.0591421129216803,8.841200043136384e-10,1.4834994793906178e-15,-3.434080627186294e-15,-3.509934127674146e-17,-4.0302514311981925e-18,-5.0662045969878015e-17
F1_VM_R1,-5.166011443812284,-4.808116255764091,-1.5971864835180043,-1.1790907368139791,15.46395543690935,-6.9116359703465235,10.725471963186862,-0.4673175466162945,0.8373756979911433,-0.9062118618796923,-0.3932896208371717,-0.41253038012806037,-0.30930743110784553,0.1025447296112112,-0.002955501410489028,-0.05007663116251604,-0.010745735376260656,0.022009467842637343,-0.020683202064518017,0.014715174677914403,-0.00946716291242808,1.791038784123858e-10,2.3080490286781597e-15,-2.7864221266305144e-15,1.654021042405447e-16,3.1068971154065396e-16,-6.740837809765468e-15
F1_VM_R2,-5.166011443812283,-4.808116255764093,-1.597186483518005,-1.1790907368139798,15.46395543690935,-6.911635970346525,10.725471963186862,-0.4673175466162945,0.8373756979911446,-0.9062118618796927,-0.39328962083717256,-0.4125303801280614,-0.3093074311078446,0.10254472961121165,-0.0029555014104891988,-0.05007663116251916,-0.010745735376260229,0.022009467842638377,-0.020683202064517982,0.014715174677914961,-0.009467162912428849,1.7910391261777272e-10,1.5698324874477392e-15,-3.681989907306154e-15,1.1841756136287914e-15,-5.815304852381433e-15,3.0747104527104603e-15
F1_VM_R3,-5.166011443812283,-4.8081162557640935,-1.5971864835180056,-1.1790907368139798,15.46395543690935,-6.911635970346525,10.725471963186862,-0.46731754661629404,0.8373756979911434,-0.906211861879692,-0.39328962083717045,-0.41253038012806054,-0.3093074311078467,0.1025447296112111,-0.0029555014104891315,-0.05007663116251687,-0.010745735376262456,0.022009467842638644,-0.020683202064518385,0.014715174677913345,-0.009467162912428426,1.791038931351322e-10,5.726169220459705e-16,-3.833829847622215e-15,-1.4548757416995597e-15,5.492524386547185e-15,3.5141412191453762e-15
F1_PIN_R1,4.88315439380223,47.69970175372629,-19.911121032883372,-6.5130570516424635,-1.9802918003143009,-2.1179065815330027,1.2946760905768286,-1.902841327410688,-1.8892645265654788,-5.0057272920676406,1.82871810136803,-0.03760687648478906,0.0983029973992288,0.12560663899570276,0.049411592712006985,0.0830077316796567,-0.14251813312845116,-0.008433204019485798,-0.02135621087492784,0.0022982878533620078,0.0005235093584308652,0.0008759403906296113,1.4834994793908712e-15,-3.434080627186828e-15,-3.5099341276804034e-17,-4.0302514311886545e-18,-5.066204596991708e-17
F1_PIN_R2,0.03508317531422265,23.697029131337338,-10.37721898534389,-4.305256928657621,-1.526565241458799,0.890350589194279,1.0929972374656658,0.06385814416103235,1.6020691801119233,7.2293181508745405,-2.849700872549109,0.021450777445321825,-0.042979280255387345,-0.0729100063020036,-0.012152015149967253,-0.1586632312119472,0.08914075737938175,0.008152697534485456,0.007078380408396114,-0.010465878881948762,-0.005077193238120216,-0.001751859299457104,1.4834994793901224e-15,-3.434080627185228e-15,-3.5099341276616433e-17,-4.030251431218126e-18,-5.0662045969796534e-17
F1_PIN_R3,-4.813087135728104,-0.3061854628692729,-0.843057155157968,-2.0971765315927,-1.072783122807075,3.8986026237669296,0.8912060572468973,2.0305416290634706,5.09348923958499,19.464521703218505,-7.528108689604167,0.08052801592621986,-0.18426671221696653,-0.27144104505876,-0.07372439547535393,-0.40034217969382624,0.32081113973188824,0.02474201370175304,0.03552857445807672,-0.023219736939034914,-0.010671721136012887,0.0008759264901288471,1.4834994793908756e-15,-3.4340806271868296e-15,-3.5099341276802426e-17,-4.0302514311880005e-18,-5.066204596991705e-17
F1_RM_R1,-5.534507385735287,-5.1381467860482815,-0.10437713874131403,-1.2598452702417262,-6.1677519923381885,-2.7211550830814644,-0.9525144947877469,-1.6494462527247618,-1.324372487548004,-1.2109493301663214,-0.7961516052929111,-1.6588460445479063,-0.5702871712413891,1.6484779029332648,-0.5645686149499277,-1.4976368765695518,0.4497978972522765,-0.7124137822905126,0.10847389091912238,1.439043620834479,7.012982181675325,-8.189090940797155e-10,1.4834994793906273e-15,-3.434080627186293e-15,-3.509934127673899e-17,-4.0302514311982595e-18,-5.0662045969875796e-17
F1_RM_R2,-5.722202998079092,-5.367117294504927,-0.23456620629012032,-1.2489412051331565,-6.738425155416645,-3.326153221797137,-1.0247862118121336,-1.7260299255321363,-1.7896696845728184,-1.5442830498248816,-1.1815859971262928,-1.8063786179540413,-1.9276910052737257,-1.693822943871553,-0.9597124928134588,-3.335793811258182,0.005381392068990003,-2.8708489375003023,-4.372582666680972,-1.5949229998513295,-0.8587887942565078,7.677689358231783e-10,8.88357967076136e-16,-3.2261887779843364e-15,-5.688242645065248e-15,-1.3182539075523076e-15,-2.842590246139037e-16
F1_RM_R3,-5.722202998079091,-5.367117294504924,-0.234566206290121,-1.2489412051331565,-6.738425155416645,-3.326153221797139,-1.024786211812134,-1.7260299255321363,-1.7896696845728197,-1.5442830498248858,-1.1815859971262894,-1.80637861795404,-1.9276910052737242,-1.693822943871553,-0.9597124928134587,-3.3357938112581813,0.00538139206898981,-2.8708489375002997,-4.3725826666809695,-1.5949229998513288,-0.8587887942565108,7.67768984592883e-10,2.078640991705111e-15,-3.641972476388249e-15,5.618043962511767e-15,1.3101934046899099e-15,1.8293493267415004e-16
